publishTime,totalMatched,selection_selectionId,selection_lastPriceTraded,selection_ex.availableToBack.price,selection_ex.availableToBack.size,selection_ex.availableToLay.price,selection_ex.availableToLay.size,selection_status,selection_md.name,selection_handicap,selection_totalMatched,selection_adjustmentFactor,selection_removalDate,selection_sp.actualSP,selection_sp.nearPrice,selection_sp.farPrice
2020-05-04 00:06:02.441000,0,26859492,,,,,,ACTIVE,1. Bush Bro,0,0,,,,,
2020-05-04 00:06:02.441000,0,18937450,,,,,,ACTIVE,3. Blazin Bulla,0,0,,,,,
2020-05-04 00:11:14.572000,0,26859492,,1.98,15.68,,,ACTIVE,1. Bush Bro,0,0,,,,,
2020-05-04 00:11:14.572000,0,18937450,,1.84,18.29,,,ACTIVE,3. Blazin Bulla,0,0,,,,,
2020-05-04 00:15:56.977000,0,26859492,,,,,,ACTIVE,1. Bush Bro,0,0,,,,,
2020-05-04 00:15:56.977000,0,18937450,,,,,,ACTIVE,3. Blazin Bulla,0,0,,,,,
2020-05-04 00:15:58.661000,0,26859492,,1.98,15.68,,,ACTIVE,1. Bush Bro,0,0,,,,,
2020-05-04 00:15:58.661000,0,18937450,,1.84,18.29,,,ACTIVE,3. Blazin Bulla,0,0,,,,,
2020-05-04 00:21:29.782000,0,26859492,,,,,,ACTIVE,1. Bush Bro,0,0,,,,,
2020-05-04 00:21:29.782000,0,18937450,,,,,,ACTIVE,3. Blazin Bulla,0,0,,,,,
2020-05-04 00:21:31.467000,0,26859492,,1.98,15.68,,,ACTIVE,1. Bush Bro,0,0,,,,,
2020-05-04 00:21:31.467000,0,18937450,,1.84,18.29,,,ACTIVE,3. Blazin Bulla,0,0,,,,,
2020-05-04 00:27:17.828000,0,26859492,,,,,,ACTIVE,1. Bush Bro,0,0,,,,,
2020-05-04 00:27:17.828000,0,18937450,,,,,,ACTIVE,3. Blazin Bulla,0,0,,,,,
2020-05-04 00:27:19.507000,0,26859492,,1.98,15.66,,,ACTIVE,1. Bush Bro,0,0,,,,,
2020-05-04 00:27:19.507000,0,18937450,,1.84,18.27,,,ACTIVE,3. Blazin Bulla,0,0,,,,,
2020-05-04 00:33:02.841000,0,26859492,,,,,,ACTIVE,1. Bush Bro,0,0,,,,,
2020-05-04 00:33:02.841000,0,18937450,,,,,,ACTIVE,3. Blazin Bulla,0,0,,,,,
2020-05-04 00:33:04.629000,0,26859492,,1.98,15.66,,,ACTIVE,1. Bush Bro,0,0,,,,,
2020-05-04 00:33:04.629000,0,18937450,,1.84,18.27,,,ACTIVE,3. Blazin Bulla,0,0,,,,,
2020-05-04 00:38:48.786000,0,26859492,,,,,,ACTIVE,1. Bush Bro,0,0,,,,,
2020-05-04 00:38:48.786000,0,18937450,,,,,,ACTIVE,3. Blazin Bulla,0,0,,,,,
2020-05-04 00:38:50.464000,0,26859492,,1.98,15.66,,,ACTIVE,1. Bush Bro,0,0,,,,,
2020-05-04 00:38:50.464000,0,18937450,,1.84,18.27,,,ACTIVE,3. Blazin Bulla,0,0,,,,,
2020-05-04 00:44:30.148000,0,26859492,,,,,,ACTIVE,1. Bush Bro,0,0,,,,,
2020-05-04 00:44:30.148000,0,18937450,,,,,,ACTIVE,3. Blazin Bulla,0,0,,,,,
2020-05-04 00:44:31.830000,0,26859492,,1.98,15.66,,,ACTIVE,1. Bush Bro,0,0,,,,,
2020-05-04 00:44:31.830000,0,18937450,,1.84,18.27,,,ACTIVE,3. Blazin Bulla,0,0,,,,,
2020-05-04 00:50:13.862000,0,26859492,,,,,,ACTIVE,1. Bush Bro,0,0,,,,,
2020-05-04 00:50:13.862000,0,18937450,,,,,,ACTIVE,3. Blazin Bulla,0,0,,,,,
2020-05-04 00:50:15.644000,0,26859492,,1.98,15.66,,,ACTIVE,1. Bush Bro,0,0,,,,,
2020-05-04 00:50:15.644000,0,18937450,,1.84,18.27,,,ACTIVE,3. Blazin Bulla,0,0,,,,,
2020-05-04 00:56:00.697000,0,26859492,,,,,,ACTIVE,1. Bush Bro,0,0,,,,,
2020-05-04 00:56:00.697000,0,18937450,,,,,,ACTIVE,3. Blazin Bulla,0,0,,,,,
2020-05-04 00:56:02.379000,0,26859492,,1.98,15.66,,,ACTIVE,1. Bush Bro,0,0,,,,,
2020-05-04 00:56:02.379000,0,18937450,,1.84,18.27,,,ACTIVE,3. Blazin Bulla,0,0,,,,,
2020-05-04 01:01:43.938000,0,26859492,,,,,,ACTIVE,1. Bush Bro,0,0,,,,,
2020-05-04 01:01:43.938000,0,18937450,,,,,,ACTIVE,3. Blazin Bulla,0,0,,,,,
2020-05-04 01:01:45.618000,0,26859492,,1.98,15.66,,,ACTIVE,1. Bush Bro,0,0,,,,,
2020-05-04 01:01:45.618000,0,18937450,,1.84,18.27,,,ACTIVE,3. Blazin Bulla,0,0,,,,,
2020-05-04 01:07:28.796000,0,26859492,,,,,,ACTIVE,1. Bush Bro,0,0,,,,,
2020-05-04 01:07:28.796000,0,18937450,,,,,,ACTIVE,3. Blazin Bulla,0,0,,,,,
2020-05-04 01:07:30.482000,0,26859492,,1.98,15.66,,,ACTIVE,1. Bush Bro,0,0,,,,,
2020-05-04 01:07:30.482000,0,18937450,,1.84,18.27,,,ACTIVE,3. Blazin Bulla,0,0,,,,,
2020-05-04 01:13:10.011000,0,26859492,,,,,,ACTIVE,1. Bush Bro,0,0,,,,,
2020-05-04 01:13:10.011000,0,18937450,,,,,,ACTIVE,3. Blazin Bulla,0,0,,,,,
2020-05-04 01:13:11.688000,0,26859492,,1.98,15.66,,,ACTIVE,1. Bush Bro,0,0,,,,,
2020-05-04 01:13:11.688000,0,18937450,,1.84,18.27,,,ACTIVE,3. Blazin Bulla,0,0,,,,,
2020-05-04 01:18:49.895000,0,26859492,,,,,,ACTIVE,1. Bush Bro,0,0,,,,,
2020-05-04 01:18:49.895000,0,18937450,,,,,,ACTIVE,3. Blazin Bulla,0,0,,,,,
2020-05-04 01:18:51.625000,0,26859492,,1.98,15.66,,,ACTIVE,1. Bush Bro,0,0,,,,,
2020-05-04 01:18:51.625000,0,18937450,,1.84,18.27,,,ACTIVE,3. Blazin Bulla,0,0,,,,,
2020-05-04 01:24:32.380000,0,26859492,,,,,,ACTIVE,1. Bush Bro,0,0,,,,,
2020-05-04 01:24:32.380000,0,18937450,,,,,,ACTIVE,3. Blazin Bulla,0,0,,,,,
2020-05-04 01:24:34.059000,0,26859492,,1.98,15.66,,,ACTIVE,1. Bush Bro,0,0,,,,,
2020-05-04 01:24:34.059000,0,18937450,,1.84,18.27,,,ACTIVE,3. Blazin Bulla,0,0,,,,,
2020-05-04 01:30:13.048000,0,26859492,,,,,,ACTIVE,1. Bush Bro,0,0,,,,,
2020-05-04 01:30:13.048000,0,18937450,,,,,,ACTIVE,3. Blazin Bulla,0,0,,,,,
2020-05-04 01:30:14.727000,0,26859492,,1.98,15.66,,,ACTIVE,1. Bush Bro,0,0,,,,,
2020-05-04 01:30:14.727000,0,18937450,,1.84,18.27,,,ACTIVE,3. Blazin Bulla,0,0,,,,,
2020-05-04 01:35:48.403000,0,26859492,,,,,,ACTIVE,1. Bush Bro,0,0,,,,,
2020-05-04 01:35:48.403000,0,18937450,,,,,,ACTIVE,3. Blazin Bulla,0,0,,,,,
2020-05-04 01:35:50.186000,0,26859492,,1.98,15.66,,,ACTIVE,1. Bush Bro,0,0,,,,,
2020-05-04 01:35:50.186000,0,18937450,,1.84,18.27,,,ACTIVE,3. Blazin Bulla,0,0,,,,,
2020-05-04 01:41:25.250000,0,26859492,,,,,,ACTIVE,1. Bush Bro,0,0,,,,,
2020-05-04 01:41:25.250000,0,18937450,,,,,,ACTIVE,3. Blazin Bulla,0,0,,,,,
2020-05-04 01:41:26.881000,0,26859492,,1.98,15.66,,,ACTIVE,1. Bush Bro,0,0,,,,,
2020-05-04 01:41:26.881000,0,18937450,,1.84,18.27,,,ACTIVE,3. Blazin Bulla,0,0,,,,,
2020-05-04 01:46:57.516000,0,26859492,,,,,,ACTIVE,1. Bush Bro,0,0,,,,,
2020-05-04 01:46:57.516000,0,18937450,,,,,,ACTIVE,3. Blazin Bulla,0,0,,,,,
2020-05-04 01:46:59.245000,0,26859492,,1.98,15.66,,,ACTIVE,1. Bush Bro,0,0,,,,,
2020-05-04 01:46:59.245000,0,18937450,,1.84,18.27,,,ACTIVE,3. Blazin Bulla,0,0,,,,,
2020-05-04 01:52:28.841000,0,26859492,,,,,,ACTIVE,1. Bush Bro,0,0,,,,,
2020-05-04 01:52:28.841000,0,18937450,,,,,,ACTIVE,3. Blazin Bulla,0,0,,,,,
2020-05-04 01:52:30.418000,0,26859492,,1.98,15.66,,,ACTIVE,1. Bush Bro,0,0,,,,,
2020-05-04 01:52:30.418000,0,18937450,,1.84,18.27,,,ACTIVE,3. Blazin Bulla,0,0,,,,,
2020-05-04 01:58:01.502000,0,26859492,,,,,,ACTIVE,1. Bush Bro,0,0,,,,,
2020-05-04 01:58:01.502000,0,18937450,,,,,,ACTIVE,3. Blazin Bulla,0,0,,,,,
2020-05-04 01:58:03.194000,0,26859492,,1.98,15.66,,,ACTIVE,1. Bush Bro,0,0,,,,,
2020-05-04 01:58:03.194000,0,18937450,,1.84,18.27,,,ACTIVE,3. Blazin Bulla,0,0,,,,,
2020-05-04 02:03:32.841000,0,26859492,,,,,,ACTIVE,1. Bush Bro,0,0,,,,,
2020-05-04 02:03:32.841000,0,18937450,,,,,,ACTIVE,3. Blazin Bulla,0,0,,,,,
2020-05-04 02:03:34.531000,0,26859492,,1.98,15.7,,,ACTIVE,1. Bush Bro,0,0,,,,,
2020-05-04 02:03:34.531000,0,18937450,,1.84,18.31,,,ACTIVE,3. Blazin Bulla,0,0,,,,,
2020-05-04 02:08:58.875000,0,26859492,,,,,,ACTIVE,1. Bush Bro,0,0,,,,,
2020-05-04 02:08:58.875000,0,18937450,,,,,,ACTIVE,3. Blazin Bulla,0,0,,,,,
2020-05-04 02:09:00.620000,0,26859492,,1.98,15.7,,,ACTIVE,1. Bush Bro,0,0,,,,,
2020-05-04 02:09:00.620000,0,18937450,,1.84,18.31,,,ACTIVE,3. Blazin Bulla,0,0,,,,,
2020-05-04 02:14:21.114000,0,26859492,,,,,,ACTIVE,1. Bush Bro,0,0,,,,,
2020-05-04 02:14:21.114000,0,18937450,,,,,,ACTIVE,3. Blazin Bulla,0,0,,,,,
2020-05-04 02:14:22.848000,0,26859492,,1.98,15.7,,,ACTIVE,1. Bush Bro,0,0,,,,,
2020-05-04 02:14:22.848000,0,18937450,,1.84,18.31,,,ACTIVE,3. Blazin Bulla,0,0,,,,,
2020-05-04 02:19:41.191000,0,26859492,,,,,,ACTIVE,1. Bush Bro,0,0,,,,,
2020-05-04 02:19:41.191000,0,18937450,,,,,,ACTIVE,3. Blazin Bulla,0,0,,,,,
2020-05-04 02:19:42.984000,0,26859492,,1.98,15.7,,,ACTIVE,1. Bush Bro,0,0,,,,,
2020-05-04 02:19:42.984000,0,18937450,,1.84,18.31,,,ACTIVE,3. Blazin Bulla,0,0,,,,,
2020-05-04 02:24:55.213000,0,26859492,,,,,,ACTIVE,1. Bush Bro,0,0,,,,,
2020-05-04 02:24:55.213000,0,18937450,,,,,,ACTIVE,3. Blazin Bulla,0,0,,,,,
2020-05-04 02:24:56.904000,0,26859492,,1.98,15.7,,,ACTIVE,1. Bush Bro,0,0,,,,,
2020-05-04 02:24:56.904000,0,18937450,,1.84,18.31,,,ACTIVE,3. Blazin Bulla,0,0,,,,,
2020-05-04 02:30:06.017000,0,26859492,,,,,,ACTIVE,1. Bush Bro,0,0,,,,,
2020-05-04 02:30:06.017000,0,18937450,,,,,,ACTIVE,3. Blazin Bulla,0,0,,,,,
2020-05-04 02:30:07.708000,0,26859492,,1.98,15.7,,,ACTIVE,1. Bush Bro,0,0,,,,,
2020-05-04 02:30:07.708000,0,18937450,,1.84,18.31,,,ACTIVE,3. Blazin Bulla,0,0,,,,,
2020-05-04 02:35:16.163000,0,26859492,,,,,,ACTIVE,1. Bush Bro,0,0,,,,,
2020-05-04 02:35:16.163000,0,18937450,,,,,,ACTIVE,3. Blazin Bulla,0,0,,,,,
2020-05-04 02:35:17.797000,0,26859492,,1.98,15.7,,,ACTIVE,1. Bush Bro,0,0,,,,,
2020-05-04 02:35:17.797000,0,18937450,,1.84,18.31,,,ACTIVE,3. Blazin Bulla,0,0,,,,,
2020-05-04 02:40:59.072000,0,26859492,,,,,,ACTIVE,1. Bush Bro,0,0,,,,,
2020-05-04 02:40:59.072000,0,18937450,,,,,,ACTIVE,3. Blazin Bulla,0,0,,,,,
2020-05-04 02:41:00.855000,0,26859492,,1.98,15.7,,,ACTIVE,1. Bush Bro,0,0,,,,,
2020-05-04 02:41:00.855000,0,18937450,,1.84,18.31,,,ACTIVE,3. Blazin Bulla,0,0,,,,,
2020-05-04 02:47:01.533000,0,26859492,,,,,,ACTIVE,1. Bush Bro,0,0,,,,,
2020-05-04 02:47:01.533000,0,18937450,,,,,,ACTIVE,3. Blazin Bulla,0,0,,,,,
2020-05-04 02:47:03.227000,0,26859492,,1.98,15.7,,,ACTIVE,1. Bush Bro,0,0,,,,,
2020-05-04 02:47:03.227000,0,18937450,,1.84,18.31,,,ACTIVE,3. Blazin Bulla,0,0,,,,,
2020-05-04 02:52:57.856000,0,26859492,,,,,,ACTIVE,1. Bush Bro,0,0,,,,,
2020-05-04 02:52:57.856000,0,18937450,,,,,,ACTIVE,3. Blazin Bulla,0,0,,,,,
2020-05-04 02:52:59.549000,0,26859492,,1.98,15.7,,,ACTIVE,1. Bush Bro,0,0,,,,,
2020-05-04 02:52:59.549000,0,18937450,,1.84,18.31,,,ACTIVE,3. Blazin Bulla,0,0,,,,,
2020-05-04 02:58:58.517000,0,26859492,,,,,,ACTIVE,1. Bush Bro,0,0,,,,,
2020-05-04 02:58:58.517000,0,18937450,,,,,,ACTIVE,3. Blazin Bulla,0,0,,,,,
2020-05-04 02:59:00.203000,0,26859492,,1.98,15.7,,,ACTIVE,1. Bush Bro,0,0,,,,,
2020-05-04 02:59:00.203000,0,18937450,,1.84,18.31,,,ACTIVE,3. Blazin Bulla,0,0,,,,,
2020-05-04 03:05:03.744000,0,26859492,,,,,,ACTIVE,1. Bush Bro,0,0,,,,,
2020-05-04 03:05:03.744000,0,18937450,,,,,,ACTIVE,3. Blazin Bulla,0,0,,,,,
2020-05-04 03:05:05.445000,0,26859492,,1.98,15.7,,,ACTIVE,1. Bush Bro,0,0,,,,,
2020-05-04 03:05:05.445000,0,18937450,,1.84,18.31,,,ACTIVE,3. Blazin Bulla,0,0,,,,,
2020-05-04 03:11:12.723000,0,26859492,,,,,,ACTIVE,1. Bush Bro,0,0,,,,,
2020-05-04 03:11:12.723000,0,18937450,,,,,,ACTIVE,3. Blazin Bulla,0,0,,,,,
2020-05-04 03:11:14.413000,0,26859492,,1.98,15.7,,,ACTIVE,1. Bush Bro,0,0,,,,,
2020-05-04 03:11:14.413000,0,18937450,,1.84,18.31,,,ACTIVE,3. Blazin Bulla,0,0,,,,,
2020-05-04 03:17:46.565000,0,26859492,,,,,,ACTIVE,1. Bush Bro,0,0,,,,,
2020-05-04 03:17:46.565000,0,18937450,,,,,,ACTIVE,3. Blazin Bulla,0,0,,,,,
2020-05-04 03:17:48.254000,0,26859492,,1.98,15.7,,,ACTIVE,1. Bush Bro,0,0,,,,,
2020-05-04 03:17:48.254000,0,18937450,,1.84,18.31,,,ACTIVE,3. Blazin Bulla,0,0,,,,,
2020-05-04 03:24:56.428000,0,26859492,,,,,,ACTIVE,1. Bush Bro,0,0,,,,,
2020-05-04 03:24:56.428000,0,18937450,,,,,,ACTIVE,3. Blazin Bulla,0,0,,,,,
2020-05-04 03:24:58.171000,0,26859492,,1.98,15.7,,,ACTIVE,1. Bush Bro,0,0,,,,,
2020-05-04 03:24:58.171000,0,18937450,,1.84,18.31,,,ACTIVE,3. Blazin Bulla,0,0,,,,,
2020-05-04 03:32:22.259000,0,26859492,,,,,,ACTIVE,1. Bush Bro,0,0,,,,,
2020-05-04 03:32:22.259000,0,18937450,,,,,,ACTIVE,3. Blazin Bulla,0,0,,,,,
2020-05-04 03:32:23.955000,0,26859492,,1.98,15.7,,,ACTIVE,1. Bush Bro,0,0,,,,,
2020-05-04 03:32:23.955000,0,18937450,,1.84,18.31,,,ACTIVE,3. Blazin Bulla,0,0,,,,,
2020-05-04 03:39:37.757000,0,26859492,,,,,,ACTIVE,1. Bush Bro,0,0,,,,,
2020-05-04 03:39:37.757000,0,18937450,,,,,,ACTIVE,3. Blazin Bulla,0,0,,,,,
2020-05-04 03:39:39.388000,0,26859492,,1.98,15.7,,,ACTIVE,1. Bush Bro,0,0,,,,,
2020-05-04 03:39:39.388000,0,18937450,,1.84,18.31,,,ACTIVE,3. Blazin Bulla,0,0,,,,,
2020-05-04 03:46:48.857000,0,26859492,,,,,,ACTIVE,1. Bush Bro,0,0,,,,,
2020-05-04 03:46:48.857000,0,18937450,,,,,,ACTIVE,3. Blazin Bulla,0,0,,,,,
2020-05-04 03:46:50.548000,0,26859492,,1.98,15.7,,,ACTIVE,1. Bush Bro,0,0,,,,,
2020-05-04 03:46:50.548000,0,18937450,,1.84,18.31,,,ACTIVE,3. Blazin Bulla,0,0,,,,,
2020-05-04 03:53:55.943000,0,26859492,,,,,,ACTIVE,1. Bush Bro,0,0,,,,,
2020-05-04 03:53:55.943000,0,18937450,,,,,,ACTIVE,3. Blazin Bulla,0,0,,,,,
2020-05-04 03:53:57.644000,0,26859492,,1.98,15.7,,,ACTIVE,1. Bush Bro,0,0,,,,,
2020-05-04 03:53:57.644000,0,18937450,,1.84,18.31,,,ACTIVE,3. Blazin Bulla,0,0,,,,,
2020-05-04 04:01:30.167000,0,26859492,,,,,,ACTIVE,1. Bush Bro,0,0,,,,,
2020-05-04 04:01:30.167000,0,18937450,,,,,,ACTIVE,3. Blazin Bulla,0,0,,,,,
2020-05-04 04:01:31.854000,0,26859492,,1.98,15.72,,,ACTIVE,1. Bush Bro,0,0,,,,,
2020-05-04 04:01:31.854000,0,18937450,,1.84,18.34,,,ACTIVE,3. Blazin Bulla,0,0,,,,,
2020-05-04 04:09:15.873000,0,26859492,,,,,,ACTIVE,1. Bush Bro,0,0,,,,,
2020-05-04 04:09:15.873000,0,18937450,,,,,,ACTIVE,3. Blazin Bulla,0,0,,,,,
2020-05-04 04:09:17.569000,0,26859492,,1.98,15.72,,,ACTIVE,1. Bush Bro,0,0,,,,,
2020-05-04 04:09:17.569000,0,18937450,,1.84,18.34,,,ACTIVE,3. Blazin Bulla,0,0,,,,,
2020-05-04 04:16:55.941000,0,26859492,,,,,,ACTIVE,1. Bush Bro,0,0,,,,,
2020-05-04 04:16:55.941000,0,18937450,,,,,,ACTIVE,3. Blazin Bulla,0,0,,,,,
2020-05-04 04:16:57.686000,0,26859492,,1.98,15.72,,,ACTIVE,1. Bush Bro,0,0,,,,,
2020-05-04 04:16:57.686000,0,18937450,,1.84,18.34,,,ACTIVE,3. Blazin Bulla,0,0,,,,,
2020-05-04 04:24:27.667000,0,26859492,,,,,,ACTIVE,1. Bush Bro,0,0,,,,,
2020-05-04 04:24:27.667000,0,18937450,,,,,,ACTIVE,3. Blazin Bulla,0,0,,,,,
2020-05-04 04:24:29.406000,0,26859492,,1.98,15.72,,,ACTIVE,1. Bush Bro,0,0,,,,,
2020-05-04 04:24:29.406000,0,18937450,,1.84,18.34,,,ACTIVE,3. Blazin Bulla,0,0,,,,,
2020-05-04 04:31:54.056000,0,26859492,,,,,,ACTIVE,1. Bush Bro,0,0,,,,,
2020-05-04 04:31:54.056000,0,18937450,,,,,,ACTIVE,3. Blazin Bulla,0,0,,,,,
2020-05-04 04:31:55.744000,0,26859492,,1.98,15.72,,,ACTIVE,1. Bush Bro,0,0,,,,,
2020-05-04 04:31:55.744000,0,18937450,,1.84,18.34,,,ACTIVE,3. Blazin Bulla,0,0,,,,,
2020-05-04 04:39:54.185000,0,26859492,,,,,,ACTIVE,1. Bush Bro,0,0,,,,,
2020-05-04 04:39:54.185000,0,18937450,,,,,,ACTIVE,3. Blazin Bulla,0,0,,,,,
2020-05-04 04:39:55.878000,0,26859492,,1.98,15.72,,,ACTIVE,1. Bush Bro,0,0,,,,,
2020-05-04 04:39:55.878000,0,18937450,,1.84,18.34,,,ACTIVE,3. Blazin Bulla,0,0,,,,,
2020-05-04 04:48:15.205000,0,26859492,,,,,,ACTIVE,1. Bush Bro,0,0,,,,,
2020-05-04 04:48:15.205000,0,18937450,,,,,,ACTIVE,3. Blazin Bulla,0,0,,,,,
2020-05-04 04:48:16.905000,0,26859492,,1.98,15.72,,,ACTIVE,1. Bush Bro,0,0,,,,,
2020-05-04 04:48:16.905000,0,18937450,,1.84,18.34,,,ACTIVE,3. Blazin Bulla,0,0,,,,,
2020-05-04 04:56:27.675000,0,26859492,,,,,,ACTIVE,1. Bush Bro,0,0,,,,,
2020-05-04 04:56:27.675000,0,18937450,,,,,,ACTIVE,3. Blazin Bulla,0,0,,,,,
2020-05-04 04:56:29.373000,0,26859492,,1.98,15.72,,,ACTIVE,1. Bush Bro,0,0,,,,,
2020-05-04 04:56:29.373000,0,18937450,,1.84,18.34,,,ACTIVE,3. Blazin Bulla,0,0,,,,,
2020-05-04 05:04:38.909000,0,26859492,,,,,,ACTIVE,1. Bush Bro,0,0,,,,,
2020-05-04 05:04:38.909000,0,18937450,,,,,,ACTIVE,3. Blazin Bulla,0,0,,,,,
2020-05-04 05:04:40.619000,0,26859492,,1.98,15.72,,,ACTIVE,1. Bush Bro,0,0,,,,,
2020-05-04 05:04:40.619000,0,18937450,,1.84,18.34,,,ACTIVE,3. Blazin Bulla,0,0,,,,,
2020-05-04 05:08:45.796000,8.78,26859492,,1.98,15.72,,,ACTIVE,1. Bush Bro,0,0,,,,,
2020-05-04 05:08:45.796000,8.78,18937450,1.84,1.84,13.95,,,ACTIVE,3. Blazin Bulla,0,8.78,,,,,
2020-05-04 05:12:40.891000,8.78,26859492,,,,,,ACTIVE,1. Bush Bro,0,0,,,,,
2020-05-04 05:12:40.891000,8.78,18937450,1.84,,,,,ACTIVE,3. Blazin Bulla,0,8.78,,,,,
2020-05-04 05:12:42.578000,8.78,26859492,,1.98,15.72,,,ACTIVE,1. Bush Bro,0,0,,,,,
2020-05-04 05:12:42.578000,8.78,18937450,1.84,1.84,18.34,,,ACTIVE,3. Blazin Bulla,0,8.78,,,,,
2020-05-04 05:20:36.746000,8.78,26859492,,,,,,ACTIVE,1. Bush Bro,0,0,,,,,
2020-05-04 05:20:36.746000,8.78,18937450,1.84,,,,,ACTIVE,3. Blazin Bulla,0,8.78,,,,,
2020-05-04 05:20:38.439000,8.78,26859492,,1.98,15.72,,,ACTIVE,1. Bush Bro,0,0,,,,,
2020-05-04 05:20:38.439000,8.78,18937450,1.84,1.84,17.26,,,ACTIVE,3. Blazin Bulla,0,8.78,,,,,
2020-05-04 05:28:28.529000,8.78,26859492,,,,,,ACTIVE,1. Bush Bro,0,0,,,,,
2020-05-04 05:28:28.529000,8.78,18937450,1.84,,,,,ACTIVE,3. Blazin Bulla,0,8.78,,,,,
2020-05-04 05:28:30.217000,8.78,26859492,,1.98,15.72,,,ACTIVE,1. Bush Bro,0,0,,,,,
2020-05-04 05:28:30.217000,8.78,18937450,1.84,1.84,17.26,,,ACTIVE,3. Blazin Bulla,0,8.78,,,,,
2020-05-04 05:36:07.096000,8.78,26859492,,,,,,ACTIVE,1. Bush Bro,0,0,,,,,
2020-05-04 05:36:07.096000,8.78,18937450,1.84,,,,,ACTIVE,3. Blazin Bulla,0,8.78,,,,,
2020-05-04 05:36:08.800000,8.78,26859492,,1.97,15.87,,,ACTIVE,1. Bush Bro,0,0,,,,,
2020-05-04 05:36:08.800000,8.78,18937450,1.84,1.85,17.05,,,ACTIVE,3. Blazin Bulla,0,8.78,,,,,
2020-05-04 05:43:39.973000,8.78,26859492,,,,,,ACTIVE,1. Bush Bro,0,0,,,,,
2020-05-04 05:43:39.973000,8.78,18937450,1.84,,,,,ACTIVE,3. Blazin Bulla,0,8.78,,,,,
2020-05-04 05:43:41.678000,8.78,26859492,,1.9,17.11,,,ACTIVE,1. Bush Bro,0,0,,,,,
2020-05-04 05:43:41.678000,8.78,18937450,1.84,1.9,16.08,,,ACTIVE,3. Blazin Bulla,0,8.78,,,,,
2020-05-04 05:51:06.842000,8.78,26859492,,,,,,ACTIVE,1. Bush Bro,0,0,,,,,
2020-05-04 05:51:06.842000,8.78,18937450,1.84,,,,,ACTIVE,3. Blazin Bulla,0,8.78,,,,,
2020-05-04 05:51:08.575000,8.78,26859492,,1.85,18.13,,,ACTIVE,1. Bush Bro,0,0,,,,,
2020-05-04 05:51:08.575000,8.78,18937450,1.84,1.96,15.1,,,ACTIVE,3. Blazin Bulla,0,8.78,,,,,
2020-05-04 05:58:33.171000,8.78,26859492,,,,,,ACTIVE,1. Bush Bro,0,0,,,,,
2020-05-04 05:58:33.171000,8.78,18937450,1.84,,,,,ACTIVE,3. Blazin Bulla,0,8.78,,,,,
2020-05-04 05:58:34.882000,8.78,26859492,,1.84,18.34,,,ACTIVE,1. Bush Bro,0,0,,,,,
2020-05-04 05:58:34.882000,8.78,18937450,1.84,1.98,14.79,,,ACTIVE,3. Blazin Bulla,0,8.78,,,,,
2020-05-04 06:05:49.172000,8.77,26859492,,,,,,ACTIVE,1. Bush Bro,0,0,,,,,
2020-05-04 06:05:49.172000,8.77,18937450,1.84,,,,,ACTIVE,3. Blazin Bulla,0,8.77,,,,,
2020-05-04 06:05:50.758000,8.77,26859492,,1.84,18.31,,,ACTIVE,1. Bush Bro,0,0,,,,,
2020-05-04 06:05:50.758000,8.77,18937450,1.84,1.98,14.77,,,ACTIVE,3. Blazin Bulla,0,8.77,,,,,
2020-05-04 06:12:48.200000,8.77,26859492,,,,,,ACTIVE,1. Bush Bro,0,0,,,,,
2020-05-04 06:12:48.200000,8.77,18937450,1.84,,,,,ACTIVE,3. Blazin Bulla,0,8.77,,,,,
2020-05-04 06:12:49.897000,8.77,26859492,,1.84,18.31,,,ACTIVE,1. Bush Bro,0,0,,,,,
2020-05-04 06:12:49.897000,8.77,18937450,1.84,1.98,14.77,,,ACTIVE,3. Blazin Bulla,0,8.77,,,,,
2020-05-04 06:19:47.743000,8.77,26859492,,,,,,ACTIVE,1. Bush Bro,0,0,,,,,
2020-05-04 06:19:47.743000,8.77,18937450,1.84,,,,,ACTIVE,3. Blazin Bulla,0,8.77,,,,,
2020-05-04 06:19:49.476000,8.77,26859492,,1.84,18.31,,,ACTIVE,1. Bush Bro,0,0,,,,,
2020-05-04 06:19:49.476000,8.77,18937450,1.84,1.98,14.77,,,ACTIVE,3. Blazin Bulla,0,8.77,,,,,
2020-05-04 06:26:44.456000,8.77,26859492,,,,,,ACTIVE,1. Bush Bro,0,0,,,,,
2020-05-04 06:26:44.456000,8.77,18937450,1.84,,,,,ACTIVE,3. Blazin Bulla,0,8.77,,,,,
2020-05-04 06:26:46.199000,8.77,26859492,,1.84,18.31,,,ACTIVE,1. Bush Bro,0,0,,,,,
2020-05-04 06:26:46.199000,8.77,18937450,1.84,1.97,14.93,,,ACTIVE,3. Blazin Bulla,0,8.77,,,,,
2020-05-04 06:33:29.182000,8.77,26859492,,,,,,ACTIVE,1. Bush Bro,0,0,,,,,
2020-05-04 06:33:29.182000,8.77,18937450,1.84,,,,,ACTIVE,3. Blazin Bulla,0,8.77,,,,,
2020-05-04 06:33:30.885000,8.77,26859492,,1.84,18.31,,,ACTIVE,1. Bush Bro,0,0,,,,,
2020-05-04 06:33:30.885000,8.77,18937450,1.84,1.98,14.77,,,ACTIVE,3. Blazin Bulla,0,8.77,,,,,
2020-05-04 06:40:00.489000,8.77,26859492,,,,,,ACTIVE,1. Bush Bro,0,0,,,,,
2020-05-04 06:40:00.489000,8.77,18937450,1.84,,,,,ACTIVE,3. Blazin Bulla,0,8.77,,,,,
2020-05-04 06:40:02.182000,8.77,26859492,,1.85,18.11,,,ACTIVE,1. Bush Bro,0,0,,,,,
2020-05-04 06:40:02.182000,8.77,18937450,1.84,1.96,15.08,,,ACTIVE,3. Blazin Bulla,0,8.77,,,,,
2020-05-04 06:46:34.159000,8.77,26859492,,,,,,ACTIVE,1. Bush Bro,0,0,,,,,
2020-05-04 06:46:34.159000,8.77,18937450,1.84,,,,,ACTIVE,3. Blazin Bulla,0,8.77,,,,,
2020-05-04 06:46:35.852000,8.77,26859492,,1.82,18.78,,,ACTIVE,1. Bush Bro,0,0,,,,,
2020-05-04 06:46:35.852000,8.77,18937450,1.84,2,14.47,,,ACTIVE,3. Blazin Bulla,0,8.77,,,,,
2020-05-04 06:50:29.800000,8.77,26859492,,,,,,ACTIVE,1. Bush Bro,0,0,,,,,
2020-05-04 06:50:29.800000,8.77,18937450,1.84,,,,,ACTIVE,3. Blazin Bulla,0,8.77,,,,,
2020-05-04 06:50:31.492000,8.77,26859492,,1.82,18.78,,,ACTIVE,1. Bush Bro,0,0,,,,,
2020-05-04 06:50:31.492000,8.77,18937450,1.84,2,14.47,,,ACTIVE,3. Blazin Bulla,0,8.77,,,,,
2020-05-04 06:56:49.950000,8.77,26859492,,,,,,ACTIVE,1. Bush Bro,0,0,,,,,
2020-05-04 06:56:49.950000,8.77,18937450,1.84,,,,,ACTIVE,3. Blazin Bulla,0,8.77,,,,,
2020-05-04 06:56:51.679000,8.77,26859492,,1.8,19.24,,,ACTIVE,1. Bush Bro,0,0,,,,,
2020-05-04 06:56:51.679000,8.77,18937450,1.84,2.02,14.21,,,ACTIVE,3. Blazin Bulla,0,8.77,,,,,
2020-05-04 07:03:11.992000,8.77,26859492,,,,,,ACTIVE,1. Bush Bro,0,0,,,,,
2020-05-04 07:03:11.992000,8.77,18937450,1.84,,,,,ACTIVE,3. Blazin Bulla,0,8.77,,,,,
2020-05-04 07:03:13.691000,8.77,26859492,,1.8,19.24,,,ACTIVE,1. Bush Bro,0,0,,,,,
2020-05-04 07:03:13.691000,8.77,18937450,1.84,2.02,14.21,,,ACTIVE,3. Blazin Bulla,0,8.77,,,,,
2020-05-04 07:09:28.229000,8.77,26859492,,,,,,ACTIVE,1. Bush Bro,0,0,,,,,
2020-05-04 07:09:28.229000,8.77,18937450,1.84,,,,,ACTIVE,3. Blazin Bulla,0,8.77,,,,,
2020-05-04 07:09:29.921000,8.77,26859492,,1.8,19.24,,,ACTIVE,1. Bush Bro,0,0,,,,,
2020-05-04 07:09:29.921000,8.77,18937450,1.84,2.02,14.21,,,ACTIVE,3. Blazin Bulla,0,8.77,,,,,
2020-05-04 07:14:01.899000,8.77,26859492,,1.8,19.24,22,20.1,ACTIVE,1. Bush Bro,0,0,,,,,
2020-05-04 07:15:35.032000,8.77,26859492,,1.09,144.74,22,20.1,ACTIVE,1. Bush Bro,0,0,,,,,
2020-05-04 07:15:35.032000,8.77,18937450,1.84,1.06,96.49,24,80.41,ACTIVE,3. Blazin Bulla,0,8.77,,,,,
2020-05-04 07:15:36.770000,8.77,26859492,,1.82,18.78,22,20.1,ACTIVE,1. Bush Bro,0,0,,,,,
2020-05-04 07:15:36.770000,8.77,18937450,1.84,2,14.47,24,80.41,ACTIVE,3. Blazin Bulla,0,8.77,,,,,
2020-05-04 07:16:28.913000,8.77,26859492,,1.83,12,22,20.1,ACTIVE,1. Bush Bro,0,0,,,,,
2020-05-04 07:16:32.190000,8.77,18937450,1.84,2,14.47,2.2,12,ACTIVE,3. Blazin Bulla,0,8.77,,,,,
2020-05-04 07:16:37.206000,8.77,26859492,,1.83,14,22,20.1,ACTIVE,1. Bush Bro,0,0,,,,,
2020-05-04 07:16:43.619000,8.77,26859492,,1.83,14,2.04,12,ACTIVE,1. Bush Bro,0,0,,,,,
2020-05-04 07:16:55.511000,86.34,26859492,1.82,1.83,21.39,2.02,9.39,ACTIVE,1. Bush Bro,0,65.57,,,,,
2020-05-04 07:16:55.511000,86.34,18937450,2.2,2.02,7.98,2.22,7.91,ACTIVE,3. Blazin Bulla,0,20.77,,,,,
2020-05-04 07:17:02.823000,86.34,26859492,1.82,1.83,23.39,2.02,9.39,ACTIVE,1. Bush Bro,0,65.57,,,,,
2020-05-04 07:17:29.054000,86.34,26859492,1.82,1.83,23.39,1.99,2,ACTIVE,1. Bush Bro,0,65.57,,,,,
2020-05-04 07:17:32.385000,86.34,18937450,2.2,2.04,2,2.22,7.91,ACTIVE,3. Blazin Bulla,0,20.77,,,,,
2020-05-04 07:17:36.159000,86.34,18937450,2.2,2.06,2,2.22,7.91,ACTIVE,3. Blazin Bulla,0,20.77,,,,,
2020-05-04 07:17:40.798000,86.34,26859492,1.82,1.83,25.39,1.99,2,ACTIVE,1. Bush Bro,0,65.57,,,,,
2020-05-04 07:17:43.604000,86.34,26859492,1.82,1.83,30.39,1.99,2,ACTIVE,1. Bush Bro,0,65.57,,,,,
2020-05-04 07:17:46.872000,86.34,18937450,2.2,2.06,2,2.2,2,ACTIVE,3. Blazin Bulla,0,20.77,,,,,
2020-05-04 07:18:12.824000,86.34,26859492,1.82,1.84,5,1.99,2,ACTIVE,1. Bush Bro,0,65.57,,,,,
2020-05-04 07:18:20.730000,86.34,18937450,2.2,2.06,2,2.1,7.43,ACTIVE,3. Blazin Bulla,0,20.77,,,,,
2020-05-04 07:18:23.440000,90.34,26859492,1.82,1.85,9.11,1.99,2,ACTIVE,1. Bush Bro,0,65.57,,,,,
2020-05-04 07:18:23.440000,90.34,18937450,2.06,2.04,2,2.1,15.6,ACTIVE,3. Blazin Bulla,0,24.77,,,,,
2020-05-04 07:18:24.514000,90.34,18937450,2.06,2.04,2,2.1,8.16,ACTIVE,3. Blazin Bulla,0,24.77,,,,,
2020-05-04 07:18:27.526000,90.34,18937450,2.06,2.04,2,2.1,15.59,ACTIVE,3. Blazin Bulla,0,24.77,,,,,
2020-05-04 07:18:33.443000,90.34,18937450,2.06,2.04,2,2.1,8.16,ACTIVE,3. Blazin Bulla,0,24.77,,,,,
2020-05-04 07:18:41.654000,90.34,18937450,2.06,2.04,2,2.1,15.57,ACTIVE,3. Blazin Bulla,0,24.77,,,,,
2020-05-04 07:18:50.841000,90.34,18937450,2.06,2.04,2,2.1,8.16,ACTIVE,3. Blazin Bulla,0,24.77,,,,,
2020-05-04 07:18:55.286000,90.34,18937450,2.06,2.04,2,2.1,32.54,ACTIVE,3. Blazin Bulla,0,24.77,,,,,
2020-05-04 07:18:58.256000,90.34,26859492,1.82,1.91,12,1.99,2,ACTIVE,1. Bush Bro,0,65.57,,,,,
2020-05-04 07:19:00.759000,90.34,18937450,2.06,2.04,2,2.08,12,ACTIVE,3. Blazin Bulla,0,24.77,,,,,
2020-05-04 07:19:18.895000,156.52,26859492,1.9,1.87,12,1.99,2,ACTIVE,1. Bush Bro,0,111.59,,,,,
2020-05-04 07:19:18.895000,156.52,18937450,2.1,2.04,2,2.1,24.37,ACTIVE,3. Blazin Bulla,0,44.93,,,,,
2020-05-04 07:19:19.972000,193.99,26859492,1.9,1.88,9.33,1.99,11.11,ACTIVE,1. Bush Bro,0,111.59,,,,,
2020-05-04 07:19:19.972000,193.99,18937450,2.1,2.04,10.18,2.1,5.63,ACTIVE,3. Blazin Bulla,0,82.4,,,,,
2020-05-04 07:19:32.476000,205.69,26859492,1.9,1.88,9.33,1.99,11.11,ACTIVE,1. Bush Bro,0,117.73,,,,,
2020-05-04 07:19:32.476000,205.69,18937450,2.1,2.04,10.18,2.1,0.08,ACTIVE,3. Blazin Bulla,0,87.96,,,,,
2020-05-04 07:19:34.673000,239.55,26859492,1.9,1.88,9.33,1.99,11.11,ACTIVE,1. Bush Bro,0,117.73,,,,,
2020-05-04 07:19:34.673000,239.55,18937450,2.02,2.02,1.23,2.1,0.08,ACTIVE,3. Blazin Bulla,0,121.82,,,,,
2020-05-04 07:19:52.615000,375.72,26859492,1.85,1.84,5,1.85,100.61,ACTIVE,1. Bush Bro,0,218.42,,,,,
2020-05-04 07:19:52.615000,375.72,18937450,2.12,2.02,1.23,2.2,9.99,ACTIVE,3. Blazin Bulla,0,157.3,,,,,
2020-05-04 07:19:53.126000,576.93,26859492,1.85,1.85,9.18,1.99,11.11,ACTIVE,1. Bush Bro,0,419.63,,,,,
2020-05-04 07:19:53.126000,576.93,18937450,2.12,2.02,29.1,2.2,33.67,ACTIVE,3. Blazin Bulla,0,157.3,,,,,
2020-05-04 07:19:58.096000,576.93,18937450,2.12,2.02,29.1,2.2,9.99,ACTIVE,3. Blazin Bulla,0,157.3,,,,,
2020-05-04 07:19:59.326000,576.93,26859492,1.85,1.86,12,1.99,11.11,ACTIVE,1. Bush Bro,0,419.63,,,,,
2020-05-04 07:19:59.326000,576.93,18937450,2.12,2.02,29.1,2.2,33.71,ACTIVE,3. Blazin Bulla,0,157.3,,,,,
2020-05-04 07:20:00.197000,576.93,26859492,1.85,1.86,12,1.98,19.29,ACTIVE,1. Bush Bro,0,419.63,,,,,
2020-05-04 07:20:00.197000,576.93,18937450,2.12,2.02,1.23,2.2,9.99,ACTIVE,3. Blazin Bulla,0,157.3,,,,,
2020-05-04 07:20:02.104000,576.93,26859492,1.85,1.87,12,1.98,19.29,ACTIVE,1. Bush Bro,0,419.63,,,,,
2020-05-04 07:20:02.104000,576.93,18937450,2.12,2.04,27.36,2.2,9.99,ACTIVE,3. Blazin Bulla,0,157.3,,,,,
2020-05-04 07:20:03.295000,628.25,26859492,1.85,1.87,12,1.97,9.34,ACTIVE,1. Bush Bro,0,419.63,,,,,
2020-05-04 07:20:03.295000,628.25,18937450,2.04,2.04,7.98,2.16,24.54,ACTIVE,3. Blazin Bulla,0,208.62,,,,,
2020-05-04 07:20:03.912000,628.25,26859492,1.85,1.87,12,1.95,50.8,ACTIVE,1. Bush Bro,0,419.63,,,,,
2020-05-04 07:20:03.912000,628.25,18937450,2.04,2.04,7.98,2.16,36.54,ACTIVE,3. Blazin Bulla,0,208.62,,,,,
2020-05-04 07:20:06.995000,628.25,26859492,1.85,1.87,14,1.95,50.8,ACTIVE,1. Bush Bro,0,419.63,,,,,
2020-05-04 07:20:07.610000,628.25,18937450,2.04,2.04,7.98,2.16,12,ACTIVE,3. Blazin Bulla,0,208.62,,,,,
2020-05-04 07:20:08.893000,628.25,18937450,2.04,2.04,7.98,2.14,2,ACTIVE,3. Blazin Bulla,0,208.62,,,,,
2020-05-04 07:20:16.230000,628.25,18937450,2.04,2.04,35.31,2.14,2,ACTIVE,3. Blazin Bulla,0,208.62,,,,,
2020-05-04 07:20:17.206000,636.28,26859492,1.87,1.87,9.99,1.95,50.8,ACTIVE,1. Bush Bro,0,427.66,,,,,
2020-05-04 07:20:17.206000,636.28,18937450,2.04,2.04,35.31,2.14,2,ACTIVE,3. Blazin Bulla,0,208.62,,,,,
2020-05-04 07:20:18.132000,660.26,26859492,1.87,1.86,24,1.94,9.84,ACTIVE,1. Bush Bro,0,447.64,,,,,
2020-05-04 07:20:18.132000,660.26,18937450,2.14,2.06,7.62,2.16,12,ACTIVE,3. Blazin Bulla,0,212.62,,,,,
2020-05-04 07:20:20.137000,660.26,18937450,2.14,2.06,34.41,2.16,12,ACTIVE,3. Blazin Bulla,0,212.62,,,,,
2020-05-04 07:20:22.147000,660.66,26859492,1.87,1.86,24,1.94,9.84,ACTIVE,1. Bush Bro,0,447.64,,,,,
2020-05-04 07:20:22.147000,660.66,18937450,2.06,2.06,34.21,2.16,12,ACTIVE,3. Blazin Bulla,0,213.02,,,,,
2020-05-04 07:20:23.326000,700.54,26859492,1.86,1.86,4.06,1.94,9.84,ACTIVE,1. Bush Bro,0,487.52,,,,,
2020-05-04 07:20:23.326000,700.54,18937450,2.06,2.08,26.3,2.16,12,ACTIVE,3. Blazin Bulla,0,213.02,,,,,
2020-05-04 07:20:24.460000,700.54,18937450,2.06,2.1,25.79,2.16,12,ACTIVE,3. Blazin Bulla,0,213.02,,,,,
2020-05-04 07:20:26.057000,770.57,26859492,1.86,1.86,4.06,1.94,9.84,ACTIVE,1. Bush Bro,0,487.52,,,,,
2020-05-04 07:20:26.057000,770.57,18937450,2.06,2.06,14.78,2.16,12,ACTIVE,3. Blazin Bulla,0,283.05,,,,,
2020-05-04 07:20:26.623000,770.57,18937450,2.06,2.04,24.88,2.16,12,ACTIVE,3. Blazin Bulla,0,283.05,,,,,
2020-05-04 07:20:29.765000,770.57,18937450,2.06,2.04,24.88,2.1,20,ACTIVE,3. Blazin Bulla,0,283.05,,,,,
2020-05-04 07:20:30.335000,770.57,26859492,1.86,1.87,20.2,1.94,9.84,ACTIVE,1. Bush Bro,0,487.52,,,,,
2020-05-04 07:20:30.335000,770.57,18937450,2.06,2.04,7.98,2.1,20,ACTIVE,3. Blazin Bulla,0,283.05,,,,,
2020-05-04 07:20:34.557000,810.61,26859492,1.86,1.87,20.2,1.94,9.84,ACTIVE,1. Bush Bro,0,487.52,,,,,
2020-05-04 07:20:34.557000,810.61,18937450,2.1,2.1,1.24,2.16,12,ACTIVE,3. Blazin Bulla,0,323.09,,,,,
2020-05-04 07:20:35.172000,826.16,26859492,1.87,1.86,4.06,1.94,9.84,ACTIVE,1. Bush Bro,0,503.07,,,,,
2020-05-04 07:20:35.172000,826.16,18937450,2.1,2.1,1.24,2.16,12,ACTIVE,3. Blazin Bulla,0,323.09,,,,,
2020-05-04 07:20:38.673000,826.16,18937450,2.1,2.04,52.2,2.16,12,ACTIVE,3. Blazin Bulla,0,323.09,,,,,
2020-05-04 07:20:42.637000,826.16,18937450,2.1,2.04,24.88,2.16,12,ACTIVE,3. Blazin Bulla,0,323.09,,,,,
2020-05-04 07:20:44.955000,826.16,18937450,2.1,2.14,61.63,2.16,12,ACTIVE,3. Blazin Bulla,0,323.09,,,,,
2020-05-04 07:20:45.678000,834.27,26859492,1.86,1.86,0.01,1.94,9.84,ACTIVE,1. Bush Bro,0,511.18,,,,,
2020-05-04 07:20:45.678000,834.27,18937450,2.1,2.14,61.63,2.16,12,ACTIVE,3. Blazin Bulla,0,323.09,,,,,
2020-05-04 07:20:51.097000,834.59,26859492,1.86,1.86,0.01,1.94,9.84,ACTIVE,1. Bush Bro,0,511.18,,,,,
2020-05-04 07:20:51.097000,834.59,18937450,2.16,2.14,61.63,2.16,11.84,ACTIVE,3. Blazin Bulla,0,323.41,,,,,
2020-05-04 07:20:52.184000,834.59,18937450,2.16,2.14,61.63,2.16,36.35,ACTIVE,3. Blazin Bulla,0,323.41,,,,,
2020-05-04 07:20:52.802000,893.69,26859492,1.86,1.84,5,1.94,9.84,ACTIVE,1. Bush Bro,0,542.93,,,,,
2020-05-04 07:20:52.802000,893.69,18937450,2.14,2.14,61.62,2.16,9.02,ACTIVE,3. Blazin Bulla,0,350.76,,,,,
2020-05-04 07:20:53.472000,893.69,18937450,2.14,2.14,61.62,2.2,14,ACTIVE,3. Blazin Bulla,0,350.76,,,,,
2020-05-04 07:20:54.760000,1003.91,26859492,1.88,1.84,5,1.94,9.84,ACTIVE,1. Bush Bro,0,542.95,,,,,
2020-05-04 07:20:54.760000,1003.91,18937450,2.14,2.14,6.43,2.2,14,ACTIVE,3. Blazin Bulla,0,460.96,,,,,
2020-05-04 07:20:55.809000,1014.19,26859492,1.88,1.84,5,1.94,9.84,ACTIVE,1. Bush Bro,0,542.95,,,,,
2020-05-04 07:20:55.809000,1014.19,18937450,2.14,2.14,1.28,2.2,37.69,ACTIVE,3. Blazin Bulla,0,471.24,,,,,
2020-05-04 07:20:56.779000,1014.19,18937450,2.14,2.14,1.28,2.16,24.54,ACTIVE,3. Blazin Bulla,0,471.24,,,,,
2020-05-04 07:20:58.694000,1014.19,26859492,1.88,1.84,5,1.91,12,ACTIVE,1. Bush Bro,0,542.95,,,,,
2020-05-04 07:21:01.082000,1014.19,18937450,2.14,2.14,1.28,2.18,24.1,ACTIVE,3. Blazin Bulla,0,471.24,,,,,
2020-05-04 07:21:02.390000,1029.29,26859492,1.91,1.84,5,1.91,5.47,ACTIVE,1. Bush Bro,0,549.48,,,,,
2020-05-04 07:21:02.390000,1029.29,18937450,2.08,2.04,24.88,2.14,10.72,ACTIVE,3. Blazin Bulla,0,479.81,,,,,
2020-05-04 07:21:03.171000,1029.29,26859492,1.91,1.84,25.92,1.91,5.47,ACTIVE,1. Bush Bro,0,549.48,,,,,
2020-05-04 07:21:05.918000,1029.29,26859492,1.91,1.84,5,1.91,5.47,ACTIVE,1. Bush Bro,0,549.48,,,,,
2020-05-04 07:21:05.918000,1029.29,18937450,2.08,2.04,52.21,2.14,10.72,ACTIVE,3. Blazin Bulla,0,479.81,,,,,
2020-05-04 07:21:06.693000,1033.29,26859492,1.91,1.84,5,1.91,5.47,ACTIVE,1. Bush Bro,0,549.48,,,,,
2020-05-04 07:21:06.693000,1033.29,18937450,2.14,2.04,52.21,2.14,8.72,ACTIVE,3. Blazin Bulla,0,483.81,,,,,
2020-05-04 07:21:07.672000,1033.29,18937450,2.14,2.06,43.36,2.14,8.72,ACTIVE,3. Blazin Bulla,0,483.81,,,,,
2020-05-04 07:21:09.215000,1033.29,26859492,1.91,1.84,5,1.9,50.8,ACTIVE,1. Bush Bro,0,549.48,,,,,
2020-05-04 07:21:09.215000,1033.29,18937450,2.14,2.06,26.78,2.14,8.72,ACTIVE,3. Blazin Bulla,0,483.81,,,,,
2020-05-04 07:21:11.892000,1114.32,26859492,1.9,1.84,5,1.9,8.26,ACTIVE,1. Bush Bro,0,592.02,,,,,
2020-05-04 07:21:11.892000,1114.32,18937450,2.1,2.06,26.78,2.14,12.16,ACTIVE,3. Blazin Bulla,0,522.3,,,,,
2020-05-04 07:21:12.614000,1114.32,18937450,2.1,2.06,43.36,2.14,12.16,ACTIVE,3. Blazin Bulla,0,522.3,,,,,
2020-05-04 07:21:13.899000,1114.32,18937450,2.1,2.08,26.33,2.14,12.16,ACTIVE,3. Blazin Bulla,0,522.3,,,,,
2020-05-04 07:21:17.036000,1114.32,18937450,2.1,2.06,43.37,2.14,12.16,ACTIVE,3. Blazin Bulla,0,522.3,,,,,
2020-05-04 07:21:17.705000,1114.32,26859492,1.9,1.84,5,1.91,5.47,ACTIVE,1. Bush Bro,0,592.02,,,,,
2020-05-04 07:21:18.636000,1114.32,18937450,2.1,2.08,26.29,2.14,12.16,ACTIVE,3. Blazin Bulla,0,522.3,,,,,
2020-05-04 07:21:19.518000,1176.29,26859492,1.91,1.84,5,1.91,0.58,ACTIVE,1. Bush Bro,0,596.91,,,,,
2020-05-04 07:21:19.518000,1176.29,18937450,2.08,2.06,16.58,2.14,12.16,ACTIVE,3. Blazin Bulla,0,579.38,,,,,
2020-05-04 07:21:20.185000,1176.29,18937450,2.08,2.04,24.88,2.14,12.16,ACTIVE,3. Blazin Bulla,0,579.38,,,,,
2020-05-04 07:21:21.830000,1176.29,18937450,2.08,2.06,72.82,2.14,12.16,ACTIVE,3. Blazin Bulla,0,579.38,,,,,
2020-05-04 07:21:22.709000,1200.65,26859492,1.91,1.84,5,1.91,0.58,ACTIVE,1. Bush Bro,0,596.91,,,,,
2020-05-04 07:21:22.709000,1200.65,18937450,2.14,2.14,0.13,2.18,24.14,ACTIVE,3. Blazin Bulla,0,603.74,,,,,
2020-05-04 07:21:23.588000,1200.65,18937450,2.14,2.14,0.13,2.2,37.71,ACTIVE,3. Blazin Bulla,0,603.74,,,,,
2020-05-04 07:21:26.022000,1200.65,18937450,2.14,2.14,0.13,2.2,14,ACTIVE,3. Blazin Bulla,0,603.74,,,,,
2020-05-04 07:21:26.538000,1202.22,26859492,1.94,1.84,5,1.94,9.78,ACTIVE,1. Bush Bro,0,598.35,,,,,
2020-05-04 07:21:26.538000,1202.22,18937450,2.14,2.06,89.41,2.2,14,ACTIVE,3. Blazin Bulla,0,603.87,,,,,
2020-05-04 07:21:27.210000,1202.42,26859492,1.94,1.84,5,1.94,9.78,ACTIVE,1. Bush Bro,0,598.35,,,,,
2020-05-04 07:21:27.210000,1202.42,18937450,2.06,2.06,116.13,2.2,14,ACTIVE,3. Blazin Bulla,0,604.07,,,,,
2020-05-04 07:21:28.400000,1217.76,26859492,1.93,1.93,2.33,1.94,9.78,ACTIVE,1. Bush Bro,0,613.69,,,,,
2020-05-04 07:21:28.400000,1217.76,18937450,2.06,2.06,116.13,2.2,14,ACTIVE,3. Blazin Bulla,0,604.07,,,,,
2020-05-04 07:21:30.106000,1222.42,26859492,1.93,1.84,5,1.94,9.78,ACTIVE,1. Bush Bro,0,618.35,,,,,
2020-05-04 07:21:30.106000,1222.42,18937450,2.06,2.06,43.4,2.2,14,ACTIVE,3. Blazin Bulla,0,604.07,,,,,
2020-05-04 07:21:30.624000,1222.42,18937450,2.06,2.1,72.72,2.2,14,ACTIVE,3. Blazin Bulla,0,604.07,,,,,
2020-05-04 07:21:31.400000,1222.42,26859492,1.93,,,,,ACTIVE,1. Bush Bro,0,618.35,,,,,
2020-05-04 07:21:31.400000,1222.42,18937450,2.06,,,,,ACTIVE,3. Blazin Bulla,0,604.07,,,,,
2020-05-04 07:25:50.832000,0,26859492,1.82,,,,,ACTIVE,1. Bush Bro,0,0,,,,,
2020-05-04 07:25:50.832000,0,18937450,2.02,,,,,ACTIVE,3. Blazin Bulla,0,0,,,,,
2020-05-04 07:25:51.688000,0,26859492,1.82,,,,,LOSER,1. Bush Bro,0,0,,,,,
2020-05-04 07:25:51.688000,0,18937450,2.02,,,,,WINNER,3. Blazin Bulla,0,0,,,,,
