publishTime,totalMatched,md.eventName,md.name,marketId,betDelay,bspReconciled,complete,status,runnersVoidable,numberOfWinners,numberOfRunners,crossMatching,inplay,numberOfActiveRunners,version,selection_selectionId,selection_lastPriceTraded,selection_ex.availableToBack.price,selection_ex.availableToBack.size,selection_ex.availableToLay.price,selection_ex.availableToLay.size,selection_status,selection_md.name,selection_handicap,selection_totalMatched,selection_adjustmentFactor,selection_removalDate,selection_sp.actualSP,selection_sp.nearPrice,selection_sp.farPrice
2020-05-04 00:06:02.441000,0,Shep (AUS) 4th May,Springvale Misty v Sweet Potato,1.170374988,0,False,True,OPEN,False,1,2,True,False,2,3237869507,22254776,,,,,,ACTIVE,1. Springvale Misty,0,0,,,,,
2020-05-04 00:06:02.441000,0,Shep (AUS) 4th May,Springvale Misty v Sweet Potato,1.170374988,0,False,True,OPEN,False,1,2,True,False,2,3237869507,17131194,,,,,,ACTIVE,3. Sweet Potato,0,0,,,,,
2020-05-04 00:10:38.588000,0,Shep (AUS) 4th May,Springvale Misty v Sweet Potato,1.170374988,0,False,True,OPEN,False,1,2,True,False,2,3237869507,22254776,,1.79,19.47,,,ACTIVE,1. Springvale Misty,0,0,,,,,
2020-05-04 00:10:38.588000,0,Shep (AUS) 4th May,Springvale Misty v Sweet Potato,1.170374988,0,False,True,OPEN,False,1,2,True,False,2,3237869507,17131194,,2.04,14.75,,,ACTIVE,3. Sweet Potato,0,0,,,,,
2020-05-04 00:15:05.533000,0,Shep (AUS) 4th May,Springvale Misty v Sweet Potato,1.170374988,0,False,True,OPEN,False,1,2,True,False,2,3237869507,22254776,,,,,,ACTIVE,1. Springvale Misty,0,0,,,,,
2020-05-04 00:15:05.533000,0,Shep (AUS) 4th May,Springvale Misty v Sweet Potato,1.170374988,0,False,True,OPEN,False,1,2,True,False,2,3237869507,17131194,,,,,,ACTIVE,3. Sweet Potato,0,0,,,,,
2020-05-04 00:15:07.211000,0,Shep (AUS) 4th May,Springvale Misty v Sweet Potato,1.170374988,0,False,True,OPEN,False,1,2,True,False,2,3237869507,22254776,,1.79,19.47,,,ACTIVE,1. Springvale Misty,0,0,,,,,
2020-05-04 00:15:07.211000,0,Shep (AUS) 4th May,Springvale Misty v Sweet Potato,1.170374988,0,False,True,OPEN,False,1,2,True,False,2,3237869507,17131194,,2.04,14.75,,,ACTIVE,3. Sweet Potato,0,0,,,,,
2020-05-04 00:20:31.731000,0,Shep (AUS) 4th May,Springvale Misty v Sweet Potato,1.170374988,0,False,True,OPEN,False,1,2,True,False,2,3237869507,22254776,,,,,,ACTIVE,1. Springvale Misty,0,0,,,,,
2020-05-04 00:20:31.731000,0,Shep (AUS) 4th May,Springvale Misty v Sweet Potato,1.170374988,0,False,True,OPEN,False,1,2,True,False,2,3237869507,17131194,,,,,,ACTIVE,3. Sweet Potato,0,0,,,,,
2020-05-04 00:20:33.413000,0,Shep (AUS) 4th May,Springvale Misty v Sweet Potato,1.170374988,0,False,True,OPEN,False,1,2,True,False,2,3237869507,22254776,,1.79,19.47,,,ACTIVE,1. Springvale Misty,0,0,,,,,
2020-05-04 00:20:33.413000,0,Shep (AUS) 4th May,Springvale Misty v Sweet Potato,1.170374988,0,False,True,OPEN,False,1,2,True,False,2,3237869507,17131194,,2.04,14.75,,,ACTIVE,3. Sweet Potato,0,0,,,,,
2020-05-04 00:26:16.974000,0,Shep (AUS) 4th May,Springvale Misty v Sweet Potato,1.170374988,0,False,True,OPEN,False,1,2,True,False,2,3237869507,22254776,,,,,,ACTIVE,1. Springvale Misty,0,0,,,,,
2020-05-04 00:26:16.974000,0,Shep (AUS) 4th May,Springvale Misty v Sweet Potato,1.170374988,0,False,True,OPEN,False,1,2,True,False,2,3237869507,17131194,,,,,,ACTIVE,3. Sweet Potato,0,0,,,,,
2020-05-04 00:26:18.653000,0,Shep (AUS) 4th May,Springvale Misty v Sweet Potato,1.170374988,0,False,True,OPEN,False,1,2,True,False,2,3237869507,22254776,,1.79,19.47,,,ACTIVE,1. Springvale Misty,0,0,,,,,
2020-05-04 00:26:18.653000,0,Shep (AUS) 4th May,Springvale Misty v Sweet Potato,1.170374988,0,False,True,OPEN,False,1,2,True,False,2,3237869507,17131194,,2.04,14.75,,,ACTIVE,3. Sweet Potato,0,0,,,,,
2020-05-04 00:32:01.602000,0,Shep (AUS) 4th May,Springvale Misty v Sweet Potato,1.170374988,0,False,True,OPEN,False,1,2,True,False,2,3237869507,22254776,,,,,,ACTIVE,1. Springvale Misty,0,0,,,,,
2020-05-04 00:32:01.602000,0,Shep (AUS) 4th May,Springvale Misty v Sweet Potato,1.170374988,0,False,True,OPEN,False,1,2,True,False,2,3237869507,17131194,,,,,,ACTIVE,3. Sweet Potato,0,0,,,,,
2020-05-04 00:32:03.292000,0,Shep (AUS) 4th May,Springvale Misty v Sweet Potato,1.170374988,0,False,True,OPEN,False,1,2,True,False,2,3237869507,22254776,,1.79,19.45,,,ACTIVE,1. Springvale Misty,0,0,,,,,
2020-05-04 00:32:03.292000,0,Shep (AUS) 4th May,Springvale Misty v Sweet Potato,1.170374988,0,False,True,OPEN,False,1,2,True,False,2,3237869507,17131194,,2.04,14.74,,,ACTIVE,3. Sweet Potato,0,0,,,,,
2020-05-04 00:37:47.880000,0,Shep (AUS) 4th May,Springvale Misty v Sweet Potato,1.170374988,0,False,True,OPEN,False,1,2,True,False,2,3237869507,22254776,,,,,,ACTIVE,1. Springvale Misty,0,0,,,,,
2020-05-04 00:37:47.880000,0,Shep (AUS) 4th May,Springvale Misty v Sweet Potato,1.170374988,0,False,True,OPEN,False,1,2,True,False,2,3237869507,17131194,,,,,,ACTIVE,3. Sweet Potato,0,0,,,,,
2020-05-04 00:37:49.610000,0,Shep (AUS) 4th May,Springvale Misty v Sweet Potato,1.170374988,0,False,True,OPEN,False,1,2,True,False,2,3237869507,22254776,,1.79,19.45,,,ACTIVE,1. Springvale Misty,0,0,,,,,
2020-05-04 00:37:49.610000,0,Shep (AUS) 4th May,Springvale Misty v Sweet Potato,1.170374988,0,False,True,OPEN,False,1,2,True,False,2,3237869507,17131194,,2.04,14.74,,,ACTIVE,3. Sweet Potato,0,0,,,,,
2020-05-04 00:43:29.879000,0,Shep (AUS) 4th May,Springvale Misty v Sweet Potato,1.170374988,0,False,True,OPEN,False,1,2,True,False,2,3237869507,22254776,,,,,,ACTIVE,1. Springvale Misty,0,0,,,,,
2020-05-04 00:43:29.879000,0,Shep (AUS) 4th May,Springvale Misty v Sweet Potato,1.170374988,0,False,True,OPEN,False,1,2,True,False,2,3237869507,17131194,,,,,,ACTIVE,3. Sweet Potato,0,0,,,,,
2020-05-04 00:43:31.567000,0,Shep (AUS) 4th May,Springvale Misty v Sweet Potato,1.170374988,0,False,True,OPEN,False,1,2,True,False,2,3237869507,22254776,,1.79,19.45,,,ACTIVE,1. Springvale Misty,0,0,,,,,
2020-05-04 00:43:31.567000,0,Shep (AUS) 4th May,Springvale Misty v Sweet Potato,1.170374988,0,False,True,OPEN,False,1,2,True,False,2,3237869507,17131194,,2.04,14.74,,,ACTIVE,3. Sweet Potato,0,0,,,,,
2020-05-04 00:49:12.469000,0,Shep (AUS) 4th May,Springvale Misty v Sweet Potato,1.170374988,0,False,True,OPEN,False,1,2,True,False,2,3237869507,22254776,,,,,,ACTIVE,1. Springvale Misty,0,0,,,,,
2020-05-04 00:49:12.469000,0,Shep (AUS) 4th May,Springvale Misty v Sweet Potato,1.170374988,0,False,True,OPEN,False,1,2,True,False,2,3237869507,17131194,,,,,,ACTIVE,3. Sweet Potato,0,0,,,,,
2020-05-04 00:49:14.145000,0,Shep (AUS) 4th May,Springvale Misty v Sweet Potato,1.170374988,0,False,True,OPEN,False,1,2,True,False,2,3237869507,22254776,,1.78,19.71,,,ACTIVE,1. Springvale Misty,0,0,,,,,
2020-05-04 00:49:14.145000,0,Shep (AUS) 4th May,Springvale Misty v Sweet Potato,1.170374988,0,False,True,OPEN,False,1,2,True,False,2,3237869507,17131194,,2.06,14.49,,,ACTIVE,3. Sweet Potato,0,0,,,,,
2020-05-04 00:54:59.798000,0,Shep (AUS) 4th May,Springvale Misty v Sweet Potato,1.170374988,0,False,True,OPEN,False,1,2,True,False,2,3237869507,22254776,,,,,,ACTIVE,1. Springvale Misty,0,0,,,,,
2020-05-04 00:54:59.798000,0,Shep (AUS) 4th May,Springvale Misty v Sweet Potato,1.170374988,0,False,True,OPEN,False,1,2,True,False,2,3237869507,17131194,,,,,,ACTIVE,3. Sweet Potato,0,0,,,,,
2020-05-04 00:55:01.479000,0,Shep (AUS) 4th May,Springvale Misty v Sweet Potato,1.170374988,0,False,True,OPEN,False,1,2,True,False,2,3237869507,22254776,,1.78,19.71,,,ACTIVE,1. Springvale Misty,0,0,,,,,
2020-05-04 00:55:01.479000,0,Shep (AUS) 4th May,Springvale Misty v Sweet Potato,1.170374988,0,False,True,OPEN,False,1,2,True,False,2,3237869507,17131194,,2.06,14.49,,,ACTIVE,3. Sweet Potato,0,0,,,,,
2020-05-04 01:00:43.136000,0,Shep (AUS) 4th May,Springvale Misty v Sweet Potato,1.170374988,0,False,True,OPEN,False,1,2,True,False,2,3237869507,22254776,,,,,,ACTIVE,1. Springvale Misty,0,0,,,,,
2020-05-04 01:00:43.136000,0,Shep (AUS) 4th May,Springvale Misty v Sweet Potato,1.170374988,0,False,True,OPEN,False,1,2,True,False,2,3237869507,17131194,,,,,,ACTIVE,3. Sweet Potato,0,0,,,,,
2020-05-04 01:00:44.865000,0,Shep (AUS) 4th May,Springvale Misty v Sweet Potato,1.170374988,0,False,True,OPEN,False,1,2,True,False,2,3237869507,22254776,,1.78,19.71,,,ACTIVE,1. Springvale Misty,0,0,,,,,
2020-05-04 01:00:44.865000,0,Shep (AUS) 4th May,Springvale Misty v Sweet Potato,1.170374988,0,False,True,OPEN,False,1,2,True,False,2,3237869507,17131194,,2.06,14.49,,,ACTIVE,3. Sweet Potato,0,0,,,,,
2020-05-04 01:06:28,0,Shep (AUS) 4th May,Springvale Misty v Sweet Potato,1.170374988,0,False,True,OPEN,False,1,2,True,False,2,3237869507,22254776,,,,,,ACTIVE,1. Springvale Misty,0,0,,,,,
2020-05-04 01:06:28,0,Shep (AUS) 4th May,Springvale Misty v Sweet Potato,1.170374988,0,False,True,OPEN,False,1,2,True,False,2,3237869507,17131194,,,,,,ACTIVE,3. Sweet Potato,0,0,,,,,
2020-05-04 01:06:29.633000,0,Shep (AUS) 4th May,Springvale Misty v Sweet Potato,1.170374988,0,False,True,OPEN,False,1,2,True,False,2,3237869507,22254776,,1.78,19.71,,,ACTIVE,1. Springvale Misty,0,0,,,,,
2020-05-04 01:06:29.633000,0,Shep (AUS) 4th May,Springvale Misty v Sweet Potato,1.170374988,0,False,True,OPEN,False,1,2,True,False,2,3237869507,17131194,,2.06,14.49,,,ACTIVE,3. Sweet Potato,0,0,,,,,
2020-05-04 01:12:09.643000,0,Shep (AUS) 4th May,Springvale Misty v Sweet Potato,1.170374988,0,False,True,OPEN,False,1,2,True,False,2,3237869507,22254776,,,,,,ACTIVE,1. Springvale Misty,0,0,,,,,
2020-05-04 01:12:09.643000,0,Shep (AUS) 4th May,Springvale Misty v Sweet Potato,1.170374988,0,False,True,OPEN,False,1,2,True,False,2,3237869507,17131194,,,,,,ACTIVE,3. Sweet Potato,0,0,,,,,
2020-05-04 01:12:11.326000,0,Shep (AUS) 4th May,Springvale Misty v Sweet Potato,1.170374988,0,False,True,OPEN,False,1,2,True,False,2,3237869507,22254776,,1.78,19.71,,,ACTIVE,1. Springvale Misty,0,0,,,,,
2020-05-04 01:12:11.326000,0,Shep (AUS) 4th May,Springvale Misty v Sweet Potato,1.170374988,0,False,True,OPEN,False,1,2,True,False,2,3237869507,17131194,,2.06,14.49,,,ACTIVE,3. Sweet Potato,0,0,,,,,
2020-05-04 01:17:49.409000,0,Shep (AUS) 4th May,Springvale Misty v Sweet Potato,1.170374988,0,False,True,OPEN,False,1,2,True,False,2,3237869507,22254776,,,,,,ACTIVE,1. Springvale Misty,0,0,,,,,
2020-05-04 01:17:49.409000,0,Shep (AUS) 4th May,Springvale Misty v Sweet Potato,1.170374988,0,False,True,OPEN,False,1,2,True,False,2,3237869507,17131194,,,,,,ACTIVE,3. Sweet Potato,0,0,,,,,
2020-05-04 01:17:51.034000,0,Shep (AUS) 4th May,Springvale Misty v Sweet Potato,1.170374988,0,False,True,OPEN,False,1,2,True,False,2,3237869507,22254776,,1.78,19.71,,,ACTIVE,1. Springvale Misty,0,0,,,,,
2020-05-04 01:17:51.034000,0,Shep (AUS) 4th May,Springvale Misty v Sweet Potato,1.170374988,0,False,True,OPEN,False,1,2,True,False,2,3237869507,17131194,,2.06,14.49,,,ACTIVE,3. Sweet Potato,0,0,,,,,
2020-05-04 01:23:31.189000,0,Shep (AUS) 4th May,Springvale Misty v Sweet Potato,1.170374988,0,False,True,OPEN,False,1,2,True,False,2,3237869507,22254776,,,,,,ACTIVE,1. Springvale Misty,0,0,,,,,
2020-05-04 01:23:31.189000,0,Shep (AUS) 4th May,Springvale Misty v Sweet Potato,1.170374988,0,False,True,OPEN,False,1,2,True,False,2,3237869507,17131194,,,,,,ACTIVE,3. Sweet Potato,0,0,,,,,
2020-05-04 01:23:32.917000,0,Shep (AUS) 4th May,Springvale Misty v Sweet Potato,1.170374988,0,False,True,OPEN,False,1,2,True,False,2,3237869507,22254776,,1.78,19.71,,,ACTIVE,1. Springvale Misty,0,0,,,,,
2020-05-04 01:23:32.917000,0,Shep (AUS) 4th May,Springvale Misty v Sweet Potato,1.170374988,0,False,True,OPEN,False,1,2,True,False,2,3237869507,17131194,,2.06,14.49,,,ACTIVE,3. Sweet Potato,0,0,,,,,
2020-05-04 01:29:11.370000,0,Shep (AUS) 4th May,Springvale Misty v Sweet Potato,1.170374988,0,False,True,OPEN,False,1,2,True,False,2,3237869507,22254776,,,,,,ACTIVE,1. Springvale Misty,0,0,,,,,
2020-05-04 01:29:11.370000,0,Shep (AUS) 4th May,Springvale Misty v Sweet Potato,1.170374988,0,False,True,OPEN,False,1,2,True,False,2,3237869507,17131194,,,,,,ACTIVE,3. Sweet Potato,0,0,,,,,
2020-05-04 01:29:13.055000,0,Shep (AUS) 4th May,Springvale Misty v Sweet Potato,1.170374988,0,False,True,OPEN,False,1,2,True,False,2,3237869507,22254776,,1.78,19.71,,,ACTIVE,1. Springvale Misty,0,0,,,,,
2020-05-04 01:29:13.055000,0,Shep (AUS) 4th May,Springvale Misty v Sweet Potato,1.170374988,0,False,True,OPEN,False,1,2,True,False,2,3237869507,17131194,,2.06,14.49,,,ACTIVE,3. Sweet Potato,0,0,,,,,
2020-05-04 01:34:47.170000,0,Shep (AUS) 4th May,Springvale Misty v Sweet Potato,1.170374988,0,False,True,OPEN,False,1,2,True,False,2,3237869507,22254776,,,,,,ACTIVE,1. Springvale Misty,0,0,,,,,
2020-05-04 01:34:47.170000,0,Shep (AUS) 4th May,Springvale Misty v Sweet Potato,1.170374988,0,False,True,OPEN,False,1,2,True,False,2,3237869507,17131194,,,,,,ACTIVE,3. Sweet Potato,0,0,,,,,
2020-05-04 01:34:48.900000,0,Shep (AUS) 4th May,Springvale Misty v Sweet Potato,1.170374988,0,False,True,OPEN,False,1,2,True,False,2,3237869507,22254776,,1.78,19.71,,,ACTIVE,1. Springvale Misty,0,0,,,,,
2020-05-04 01:34:48.900000,0,Shep (AUS) 4th May,Springvale Misty v Sweet Potato,1.170374988,0,False,True,OPEN,False,1,2,True,False,2,3237869507,17131194,,2.06,14.49,,,ACTIVE,3. Sweet Potato,0,0,,,,,
2020-05-04 01:40:24.268000,0,Shep (AUS) 4th May,Springvale Misty v Sweet Potato,1.170374988,0,False,True,OPEN,False,1,2,True,False,2,3237869507,22254776,,,,,,ACTIVE,1. Springvale Misty,0,0,,,,,
2020-05-04 01:40:24.268000,0,Shep (AUS) 4th May,Springvale Misty v Sweet Potato,1.170374988,0,False,True,OPEN,False,1,2,True,False,2,3237869507,17131194,,,,,,ACTIVE,3. Sweet Potato,0,0,,,,,
2020-05-04 01:40:26.003000,0,Shep (AUS) 4th May,Springvale Misty v Sweet Potato,1.170374988,0,False,True,OPEN,False,1,2,True,False,2,3237869507,22254776,,1.78,19.71,,,ACTIVE,1. Springvale Misty,0,0,,,,,
2020-05-04 01:40:26.003000,0,Shep (AUS) 4th May,Springvale Misty v Sweet Potato,1.170374988,0,False,True,OPEN,False,1,2,True,False,2,3237869507,17131194,,2.06,14.49,,,ACTIVE,3. Sweet Potato,0,0,,,,,
2020-05-04 01:45:56.856000,0,Shep (AUS) 4th May,Springvale Misty v Sweet Potato,1.170374988,0,False,True,OPEN,False,1,2,True,False,2,3237869507,22254776,,,,,,ACTIVE,1. Springvale Misty,0,0,,,,,
2020-05-04 01:45:56.856000,0,Shep (AUS) 4th May,Springvale Misty v Sweet Potato,1.170374988,0,False,True,OPEN,False,1,2,True,False,2,3237869507,17131194,,,,,,ACTIVE,3. Sweet Potato,0,0,,,,,
2020-05-04 01:45:58.539000,0,Shep (AUS) 4th May,Springvale Misty v Sweet Potato,1.170374988,0,False,True,OPEN,False,1,2,True,False,2,3237869507,22254776,,1.78,19.71,,,ACTIVE,1. Springvale Misty,0,0,,,,,
2020-05-04 01:45:58.539000,0,Shep (AUS) 4th May,Springvale Misty v Sweet Potato,1.170374988,0,False,True,OPEN,False,1,2,True,False,2,3237869507,17131194,,2.06,14.49,,,ACTIVE,3. Sweet Potato,0,0,,,,,
2020-05-04 01:51:27.845000,0,Shep (AUS) 4th May,Springvale Misty v Sweet Potato,1.170374988,0,False,True,OPEN,False,1,2,True,False,2,3237869507,22254776,,,,,,ACTIVE,1. Springvale Misty,0,0,,,,,
2020-05-04 01:51:27.845000,0,Shep (AUS) 4th May,Springvale Misty v Sweet Potato,1.170374988,0,False,True,OPEN,False,1,2,True,False,2,3237869507,17131194,,,,,,ACTIVE,3. Sweet Potato,0,0,,,,,
2020-05-04 01:51:29.522000,0,Shep (AUS) 4th May,Springvale Misty v Sweet Potato,1.170374988,0,False,True,OPEN,False,1,2,True,False,2,3237869507,22254776,,1.78,19.71,,,ACTIVE,1. Springvale Misty,0,0,,,,,
2020-05-04 01:51:29.522000,0,Shep (AUS) 4th May,Springvale Misty v Sweet Potato,1.170374988,0,False,True,OPEN,False,1,2,True,False,2,3237869507,17131194,,2.06,14.49,,,ACTIVE,3. Sweet Potato,0,0,,,,,
2020-05-04 01:56:59.992000,0,Shep (AUS) 4th May,Springvale Misty v Sweet Potato,1.170374988,0,False,True,OPEN,False,1,2,True,False,2,3237869507,22254776,,,,,,ACTIVE,1. Springvale Misty,0,0,,,,,
2020-05-04 01:56:59.992000,0,Shep (AUS) 4th May,Springvale Misty v Sweet Potato,1.170374988,0,False,True,OPEN,False,1,2,True,False,2,3237869507,17131194,,,,,,ACTIVE,3. Sweet Potato,0,0,,,,,
2020-05-04 01:57:01.792000,0,Shep (AUS) 4th May,Springvale Misty v Sweet Potato,1.170374988,0,False,True,OPEN,False,1,2,True,False,2,3237869507,22254776,,1.78,19.71,,,ACTIVE,1. Springvale Misty,0,0,,,,,
2020-05-04 01:57:01.792000,0,Shep (AUS) 4th May,Springvale Misty v Sweet Potato,1.170374988,0,False,True,OPEN,False,1,2,True,False,2,3237869507,17131194,,2.06,14.49,,,ACTIVE,3. Sweet Potato,0,0,,,,,
2020-05-04 02:02:32.049000,0,Shep (AUS) 4th May,Springvale Misty v Sweet Potato,1.170374988,0,False,True,OPEN,False,1,2,True,False,2,3237869507,22254776,,,,,,ACTIVE,1. Springvale Misty,0,0,,,,,
2020-05-04 02:02:32.049000,0,Shep (AUS) 4th May,Springvale Misty v Sweet Potato,1.170374988,0,False,True,OPEN,False,1,2,True,False,2,3237869507,17131194,,,,,,ACTIVE,3. Sweet Potato,0,0,,,,,
2020-05-04 02:02:33.735000,0,Shep (AUS) 4th May,Springvale Misty v Sweet Potato,1.170374988,0,False,True,OPEN,False,1,2,True,False,2,3237869507,22254776,,1.78,19.75,,,ACTIVE,1. Springvale Misty,0,0,,,,,
2020-05-04 02:02:33.735000,0,Shep (AUS) 4th May,Springvale Misty v Sweet Potato,1.170374988,0,False,True,OPEN,False,1,2,True,False,2,3237869507,17131194,,2.06,14.52,,,ACTIVE,3. Sweet Potato,0,0,,,,,
2020-05-04 02:07:58.011000,0,Shep (AUS) 4th May,Springvale Misty v Sweet Potato,1.170374988,0,False,True,OPEN,False,1,2,True,False,2,3237869507,22254776,,,,,,ACTIVE,1. Springvale Misty,0,0,,,,,
2020-05-04 02:07:58.011000,0,Shep (AUS) 4th May,Springvale Misty v Sweet Potato,1.170374988,0,False,True,OPEN,False,1,2,True,False,2,3237869507,17131194,,,,,,ACTIVE,3. Sweet Potato,0,0,,,,,
2020-05-04 02:07:59.739000,0,Shep (AUS) 4th May,Springvale Misty v Sweet Potato,1.170374988,0,False,True,OPEN,False,1,2,True,False,2,3237869507,22254776,,1.78,19.75,,,ACTIVE,1. Springvale Misty,0,0,,,,,
2020-05-04 02:07:59.739000,0,Shep (AUS) 4th May,Springvale Misty v Sweet Potato,1.170374988,0,False,True,OPEN,False,1,2,True,False,2,3237869507,17131194,,2.06,14.52,,,ACTIVE,3. Sweet Potato,0,0,,,,,
2020-05-04 02:13:20.469000,0,Shep (AUS) 4th May,Springvale Misty v Sweet Potato,1.170374988,0,False,True,OPEN,False,1,2,True,False,2,3237869507,22254776,,,,,,ACTIVE,1. Springvale Misty,0,0,,,,,
2020-05-04 02:13:20.469000,0,Shep (AUS) 4th May,Springvale Misty v Sweet Potato,1.170374988,0,False,True,OPEN,False,1,2,True,False,2,3237869507,17131194,,,,,,ACTIVE,3. Sweet Potato,0,0,,,,,
2020-05-04 02:13:22.151000,0,Shep (AUS) 4th May,Springvale Misty v Sweet Potato,1.170374988,0,False,True,OPEN,False,1,2,True,False,2,3237869507,22254776,,1.78,19.75,,,ACTIVE,1. Springvale Misty,0,0,,,,,
2020-05-04 02:13:22.151000,0,Shep (AUS) 4th May,Springvale Misty v Sweet Potato,1.170374988,0,False,True,OPEN,False,1,2,True,False,2,3237869507,17131194,,2.06,14.52,,,ACTIVE,3. Sweet Potato,0,0,,,,,
2020-05-04 02:18:40.183000,0,Shep (AUS) 4th May,Springvale Misty v Sweet Potato,1.170374988,0,False,True,OPEN,False,1,2,True,False,2,3237869507,22254776,,,,,,ACTIVE,1. Springvale Misty,0,0,,,,,
2020-05-04 02:18:40.183000,0,Shep (AUS) 4th May,Springvale Misty v Sweet Potato,1.170374988,0,False,True,OPEN,False,1,2,True,False,2,3237869507,17131194,,,,,,ACTIVE,3. Sweet Potato,0,0,,,,,
2020-05-04 02:18:41.876000,0,Shep (AUS) 4th May,Springvale Misty v Sweet Potato,1.170374988,0,False,True,OPEN,False,1,2,True,False,2,3237869507,22254776,,1.78,19.75,,,ACTIVE,1. Springvale Misty,0,0,,,,,
2020-05-04 02:18:41.876000,0,Shep (AUS) 4th May,Springvale Misty v Sweet Potato,1.170374988,0,False,True,OPEN,False,1,2,True,False,2,3237869507,17131194,,2.06,14.52,,,ACTIVE,3. Sweet Potato,0,0,,,,,
2020-05-04 02:23:55.213000,0,Shep (AUS) 4th May,Springvale Misty v Sweet Potato,1.170374988,0,False,True,OPEN,False,1,2,True,False,2,3237869507,22254776,,,,,,ACTIVE,1. Springvale Misty,0,0,,,,,
2020-05-04 02:23:55.213000,0,Shep (AUS) 4th May,Springvale Misty v Sweet Potato,1.170374988,0,False,True,OPEN,False,1,2,True,False,2,3237869507,17131194,,,,,,ACTIVE,3. Sweet Potato,0,0,,,,,
2020-05-04 02:23:56.901000,0,Shep (AUS) 4th May,Springvale Misty v Sweet Potato,1.170374988,0,False,True,OPEN,False,1,2,True,False,2,3237869507,22254776,,1.78,19.75,,,ACTIVE,1. Springvale Misty,0,0,,,,,
2020-05-04 02:23:56.901000,0,Shep (AUS) 4th May,Springvale Misty v Sweet Potato,1.170374988,0,False,True,OPEN,False,1,2,True,False,2,3237869507,17131194,,2.06,14.52,,,ACTIVE,3. Sweet Potato,0,0,,,,,
2020-05-04 02:29:05.434000,0,Shep (AUS) 4th May,Springvale Misty v Sweet Potato,1.170374988,0,False,True,OPEN,False,1,2,True,False,2,3237869507,22254776,,,,,,ACTIVE,1. Springvale Misty,0,0,,,,,
2020-05-04 02:29:05.434000,0,Shep (AUS) 4th May,Springvale Misty v Sweet Potato,1.170374988,0,False,True,OPEN,False,1,2,True,False,2,3237869507,17131194,,,,,,ACTIVE,3. Sweet Potato,0,0,,,,,
2020-05-04 02:29:07.127000,0,Shep (AUS) 4th May,Springvale Misty v Sweet Potato,1.170374988,0,False,True,OPEN,False,1,2,True,False,2,3237869507,22254776,,1.78,19.75,,,ACTIVE,1. Springvale Misty,0,0,,,,,
2020-05-04 02:29:07.127000,0,Shep (AUS) 4th May,Springvale Misty v Sweet Potato,1.170374988,0,False,True,OPEN,False,1,2,True,False,2,3237869507,17131194,,2.06,14.52,,,ACTIVE,3. Sweet Potato,0,0,,,,,
2020-05-04 02:34:14.894000,0,Shep (AUS) 4th May,Springvale Misty v Sweet Potato,1.170374988,0,False,True,OPEN,False,1,2,True,False,2,3237869507,22254776,,,,,,ACTIVE,1. Springvale Misty,0,0,,,,,
2020-05-04 02:34:14.894000,0,Shep (AUS) 4th May,Springvale Misty v Sweet Potato,1.170374988,0,False,True,OPEN,False,1,2,True,False,2,3237869507,17131194,,,,,,ACTIVE,3. Sweet Potato,0,0,,,,,
2020-05-04 02:34:16.687000,0,Shep (AUS) 4th May,Springvale Misty v Sweet Potato,1.170374988,0,False,True,OPEN,False,1,2,True,False,2,3237869507,22254776,,1.78,19.75,,,ACTIVE,1. Springvale Misty,0,0,,,,,
2020-05-04 02:34:16.687000,0,Shep (AUS) 4th May,Springvale Misty v Sweet Potato,1.170374988,0,False,True,OPEN,False,1,2,True,False,2,3237869507,17131194,,2.06,14.52,,,ACTIVE,3. Sweet Potato,0,0,,,,,
2020-05-04 02:39:59.077000,0,Shep (AUS) 4th May,Springvale Misty v Sweet Potato,1.170374988,0,False,True,OPEN,False,1,2,True,False,2,3237869507,22254776,,,,,,ACTIVE,1. Springvale Misty,0,0,,,,,
2020-05-04 02:39:59.077000,0,Shep (AUS) 4th May,Springvale Misty v Sweet Potato,1.170374988,0,False,True,OPEN,False,1,2,True,False,2,3237869507,17131194,,,,,,ACTIVE,3. Sweet Potato,0,0,,,,,
2020-05-04 02:40:00.712000,0,Shep (AUS) 4th May,Springvale Misty v Sweet Potato,1.170374988,0,False,True,OPEN,False,1,2,True,False,2,3237869507,22254776,,1.78,19.75,,,ACTIVE,1. Springvale Misty,0,0,,,,,
2020-05-04 02:40:00.712000,0,Shep (AUS) 4th May,Springvale Misty v Sweet Potato,1.170374988,0,False,True,OPEN,False,1,2,True,False,2,3237869507,17131194,,2.06,14.52,,,ACTIVE,3. Sweet Potato,0,0,,,,,
2020-05-04 02:46:00.134000,0,Shep (AUS) 4th May,Springvale Misty v Sweet Potato,1.170374988,0,False,True,OPEN,False,1,2,True,False,2,3237869507,22254776,,,,,,ACTIVE,1. Springvale Misty,0,0,,,,,
2020-05-04 02:46:00.134000,0,Shep (AUS) 4th May,Springvale Misty v Sweet Potato,1.170374988,0,False,True,OPEN,False,1,2,True,False,2,3237869507,17131194,,,,,,ACTIVE,3. Sweet Potato,0,0,,,,,
2020-05-04 02:46:01.961000,0,Shep (AUS) 4th May,Springvale Misty v Sweet Potato,1.170374988,0,False,True,OPEN,False,1,2,True,False,2,3237869507,22254776,,1.78,19.75,,,ACTIVE,1. Springvale Misty,0,0,,,,,
2020-05-04 02:46:01.961000,0,Shep (AUS) 4th May,Springvale Misty v Sweet Potato,1.170374988,0,False,True,OPEN,False,1,2,True,False,2,3237869507,17131194,,2.06,14.52,,,ACTIVE,3. Sweet Potato,0,0,,,,,
2020-05-04 02:51:57.171000,0,Shep (AUS) 4th May,Springvale Misty v Sweet Potato,1.170374988,0,False,True,OPEN,False,1,2,True,False,2,3237869507,22254776,,,,,,ACTIVE,1. Springvale Misty,0,0,,,,,
2020-05-04 02:51:57.171000,0,Shep (AUS) 4th May,Springvale Misty v Sweet Potato,1.170374988,0,False,True,OPEN,False,1,2,True,False,2,3237869507,17131194,,,,,,ACTIVE,3. Sweet Potato,0,0,,,,,
2020-05-04 02:51:58.964000,0,Shep (AUS) 4th May,Springvale Misty v Sweet Potato,1.170374988,0,False,True,OPEN,False,1,2,True,False,2,3237869507,22254776,,1.78,19.75,,,ACTIVE,1. Springvale Misty,0,0,,,,,
2020-05-04 02:51:58.964000,0,Shep (AUS) 4th May,Springvale Misty v Sweet Potato,1.170374988,0,False,True,OPEN,False,1,2,True,False,2,3237869507,17131194,,2.06,14.52,,,ACTIVE,3. Sweet Potato,0,0,,,,,
2020-05-04 02:57:58.212000,0,Shep (AUS) 4th May,Springvale Misty v Sweet Potato,1.170374988,0,False,True,OPEN,False,1,2,True,False,2,3237869507,22254776,,,,,,ACTIVE,1. Springvale Misty,0,0,,,,,
2020-05-04 02:57:58.212000,0,Shep (AUS) 4th May,Springvale Misty v Sweet Potato,1.170374988,0,False,True,OPEN,False,1,2,True,False,2,3237869507,17131194,,,,,,ACTIVE,3. Sweet Potato,0,0,,,,,
2020-05-04 02:58:00.006000,0,Shep (AUS) 4th May,Springvale Misty v Sweet Potato,1.170374988,0,False,True,OPEN,False,1,2,True,False,2,3237869507,22254776,,1.78,19.75,,,ACTIVE,1. Springvale Misty,0,0,,,,,
2020-05-04 02:58:00.006000,0,Shep (AUS) 4th May,Springvale Misty v Sweet Potato,1.170374988,0,False,True,OPEN,False,1,2,True,False,2,3237869507,17131194,,2.06,14.52,,,ACTIVE,3. Sweet Potato,0,0,,,,,
2020-05-04 03:04:02.559000,0,Shep (AUS) 4th May,Springvale Misty v Sweet Potato,1.170374988,0,False,True,OPEN,False,1,2,True,False,2,3237869507,22254776,,,,,,ACTIVE,1. Springvale Misty,0,0,,,,,
2020-05-04 03:04:02.559000,0,Shep (AUS) 4th May,Springvale Misty v Sweet Potato,1.170374988,0,False,True,OPEN,False,1,2,True,False,2,3237869507,17131194,,,,,,ACTIVE,3. Sweet Potato,0,0,,,,,
2020-05-04 03:04:04.302000,0,Shep (AUS) 4th May,Springvale Misty v Sweet Potato,1.170374988,0,False,True,OPEN,False,1,2,True,False,2,3237869507,22254776,,1.78,19.75,,,ACTIVE,1. Springvale Misty,0,0,,,,,
2020-05-04 03:04:04.302000,0,Shep (AUS) 4th May,Springvale Misty v Sweet Potato,1.170374988,0,False,True,OPEN,False,1,2,True,False,2,3237869507,17131194,,2.06,14.52,,,ACTIVE,3. Sweet Potato,0,0,,,,,
2020-05-04 03:10:12.448000,0,Shep (AUS) 4th May,Springvale Misty v Sweet Potato,1.170374988,0,False,True,OPEN,False,1,2,True,False,2,3237869507,22254776,,,,,,ACTIVE,1. Springvale Misty,0,0,,,,,
2020-05-04 03:10:12.448000,0,Shep (AUS) 4th May,Springvale Misty v Sweet Potato,1.170374988,0,False,True,OPEN,False,1,2,True,False,2,3237869507,17131194,,,,,,ACTIVE,3. Sweet Potato,0,0,,,,,
2020-05-04 03:10:14.038000,0,Shep (AUS) 4th May,Springvale Misty v Sweet Potato,1.170374988,0,False,True,OPEN,False,1,2,True,False,2,3237869507,22254776,,1.78,19.75,,,ACTIVE,1. Springvale Misty,0,0,,,,,
2020-05-04 03:10:14.038000,0,Shep (AUS) 4th May,Springvale Misty v Sweet Potato,1.170374988,0,False,True,OPEN,False,1,2,True,False,2,3237869507,17131194,,2.06,14.52,,,ACTIVE,3. Sweet Potato,0,0,,,,,
2020-05-04 03:16:33.446000,0,Shep (AUS) 4th May,Springvale Misty v Sweet Potato,1.170374988,0,False,True,OPEN,False,1,2,True,False,2,3237869507,22254776,,,,,,ACTIVE,1. Springvale Misty,0,0,,,,,
2020-05-04 03:16:33.446000,0,Shep (AUS) 4th May,Springvale Misty v Sweet Potato,1.170374988,0,False,True,OPEN,False,1,2,True,False,2,3237869507,17131194,,,,,,ACTIVE,3. Sweet Potato,0,0,,,,,
2020-05-04 03:16:35.190000,0,Shep (AUS) 4th May,Springvale Misty v Sweet Potato,1.170374988,0,False,True,OPEN,False,1,2,True,False,2,3237869507,22254776,,1.78,19.75,,,ACTIVE,1. Springvale Misty,0,0,,,,,
2020-05-04 03:16:35.190000,0,Shep (AUS) 4th May,Springvale Misty v Sweet Potato,1.170374988,0,False,True,OPEN,False,1,2,True,False,2,3237869507,17131194,,2.06,14.52,,,ACTIVE,3. Sweet Potato,0,0,,,,,
2020-05-04 03:23:36.015000,0,Shep (AUS) 4th May,Springvale Misty v Sweet Potato,1.170374988,0,False,True,OPEN,False,1,2,True,False,2,3237869507,22254776,,,,,,ACTIVE,1. Springvale Misty,0,0,,,,,
2020-05-04 03:23:36.015000,0,Shep (AUS) 4th May,Springvale Misty v Sweet Potato,1.170374988,0,False,True,OPEN,False,1,2,True,False,2,3237869507,17131194,,,,,,ACTIVE,3. Sweet Potato,0,0,,,,,
2020-05-04 03:23:37.606000,0,Shep (AUS) 4th May,Springvale Misty v Sweet Potato,1.170374988,0,False,True,OPEN,False,1,2,True,False,2,3237869507,22254776,,1.78,19.75,,,ACTIVE,1. Springvale Misty,0,0,,,,,
2020-05-04 03:23:37.606000,0,Shep (AUS) 4th May,Springvale Misty v Sweet Potato,1.170374988,0,False,True,OPEN,False,1,2,True,False,2,3237869507,17131194,,2.06,14.52,,,ACTIVE,3. Sweet Potato,0,0,,,,,
2020-05-04 03:31:01.216000,0,Shep (AUS) 4th May,Springvale Misty v Sweet Potato,1.170374988,0,False,True,OPEN,False,1,2,True,False,2,3237869507,22254776,,,,,,ACTIVE,1. Springvale Misty,0,0,,,,,
2020-05-04 03:31:01.216000,0,Shep (AUS) 4th May,Springvale Misty v Sweet Potato,1.170374988,0,False,True,OPEN,False,1,2,True,False,2,3237869507,17131194,,,,,,ACTIVE,3. Sweet Potato,0,0,,,,,
2020-05-04 03:31:02.810000,0,Shep (AUS) 4th May,Springvale Misty v Sweet Potato,1.170374988,0,False,True,OPEN,False,1,2,True,False,2,3237869507,22254776,,1.78,19.75,,,ACTIVE,1. Springvale Misty,0,0,,,,,
2020-05-04 03:31:02.810000,0,Shep (AUS) 4th May,Springvale Misty v Sweet Potato,1.170374988,0,False,True,OPEN,False,1,2,True,False,2,3237869507,17131194,,2.06,14.52,,,ACTIVE,3. Sweet Potato,0,0,,,,,
2020-05-04 03:38:16.061000,0,Shep (AUS) 4th May,Springvale Misty v Sweet Potato,1.170374988,0,False,True,OPEN,False,1,2,True,False,2,3237869507,22254776,,,,,,ACTIVE,1. Springvale Misty,0,0,,,,,
2020-05-04 03:38:16.061000,0,Shep (AUS) 4th May,Springvale Misty v Sweet Potato,1.170374988,0,False,True,OPEN,False,1,2,True,False,2,3237869507,17131194,,,,,,ACTIVE,3. Sweet Potato,0,0,,,,,
2020-05-04 03:38:17.792000,0,Shep (AUS) 4th May,Springvale Misty v Sweet Potato,1.170374988,0,False,True,OPEN,False,1,2,True,False,2,3237869507,22254776,,1.78,19.75,,,ACTIVE,1. Springvale Misty,0,0,,,,,
2020-05-04 03:38:17.792000,0,Shep (AUS) 4th May,Springvale Misty v Sweet Potato,1.170374988,0,False,True,OPEN,False,1,2,True,False,2,3237869507,17131194,,2.06,14.52,,,ACTIVE,3. Sweet Potato,0,0,,,,,
2020-05-04 03:45:28.087000,0,Shep (AUS) 4th May,Springvale Misty v Sweet Potato,1.170374988,0,False,True,OPEN,False,1,2,True,False,2,3237869507,22254776,,,,,,ACTIVE,1. Springvale Misty,0,0,,,,,
2020-05-04 03:45:28.087000,0,Shep (AUS) 4th May,Springvale Misty v Sweet Potato,1.170374988,0,False,True,OPEN,False,1,2,True,False,2,3237869507,17131194,,,,,,ACTIVE,3. Sweet Potato,0,0,,,,,
2020-05-04 03:45:29.814000,0,Shep (AUS) 4th May,Springvale Misty v Sweet Potato,1.170374988,0,False,True,OPEN,False,1,2,True,False,2,3237869507,22254776,,1.78,19.75,,,ACTIVE,1. Springvale Misty,0,0,,,,,
2020-05-04 03:45:29.814000,0,Shep (AUS) 4th May,Springvale Misty v Sweet Potato,1.170374988,0,False,True,OPEN,False,1,2,True,False,2,3237869507,17131194,,2.06,14.52,,,ACTIVE,3. Sweet Potato,0,0,,,,,
2020-05-04 03:52:34.241000,0,Shep (AUS) 4th May,Springvale Misty v Sweet Potato,1.170374988,0,False,True,OPEN,False,1,2,True,False,2,3237869507,22254776,,,,,,ACTIVE,1. Springvale Misty,0,0,,,,,
2020-05-04 03:52:34.241000,0,Shep (AUS) 4th May,Springvale Misty v Sweet Potato,1.170374988,0,False,True,OPEN,False,1,2,True,False,2,3237869507,17131194,,,,,,ACTIVE,3. Sweet Potato,0,0,,,,,
2020-05-04 03:52:35.930000,0,Shep (AUS) 4th May,Springvale Misty v Sweet Potato,1.170374988,0,False,True,OPEN,False,1,2,True,False,2,3237869507,22254776,,1.78,19.75,,,ACTIVE,1. Springvale Misty,0,0,,,,,
2020-05-04 03:52:35.930000,0,Shep (AUS) 4th May,Springvale Misty v Sweet Potato,1.170374988,0,False,True,OPEN,False,1,2,True,False,2,3237869507,17131194,,2.06,14.52,,,ACTIVE,3. Sweet Potato,0,0,,,,,
2020-05-04 04:00:09.486000,0,Shep (AUS) 4th May,Springvale Misty v Sweet Potato,1.170374988,0,False,True,OPEN,False,1,2,True,False,2,3237869507,22254776,,,,,,ACTIVE,1. Springvale Misty,0,0,,,,,
2020-05-04 04:00:09.486000,0,Shep (AUS) 4th May,Springvale Misty v Sweet Potato,1.170374988,0,False,True,OPEN,False,1,2,True,False,2,3237869507,17131194,,,,,,ACTIVE,3. Sweet Potato,0,0,,,,,
2020-05-04 04:00:11.189000,0,Shep (AUS) 4th May,Springvale Misty v Sweet Potato,1.170374988,0,False,True,OPEN,False,1,2,True,False,2,3237869507,22254776,,1.78,19.78,,,ACTIVE,1. Springvale Misty,0,0,,,,,
2020-05-04 04:00:11.189000,0,Shep (AUS) 4th May,Springvale Misty v Sweet Potato,1.170374988,0,False,True,OPEN,False,1,2,True,False,2,3237869507,17131194,,2.06,14.54,,,ACTIVE,3. Sweet Potato,0,0,,,,,
2020-05-04 04:07:25.205000,7.99,Shep (AUS) 4th May,Springvale Misty v Sweet Potato,1.170374988,0,False,True,OPEN,False,1,2,True,False,2,3237869507,22254776,,1.78,19.78,,,ACTIVE,1. Springvale Misty,0,0,,,,,
2020-05-04 04:07:25.205000,7.99,Shep (AUS) 4th May,Springvale Misty v Sweet Potato,1.170374988,0,False,True,OPEN,False,1,2,True,False,2,3237869507,17131194,2.06,2.06,10.54,,,ACTIVE,3. Sweet Potato,0,7.99,,,,,
2020-05-04 04:07:54.534000,7.99,Shep (AUS) 4th May,Springvale Misty v Sweet Potato,1.170374988,0,False,True,OPEN,False,1,2,True,False,2,3237869507,22254776,,,,,,ACTIVE,1. Springvale Misty,0,0,,,,,
2020-05-04 04:07:54.534000,7.99,Shep (AUS) 4th May,Springvale Misty v Sweet Potato,1.170374988,0,False,True,OPEN,False,1,2,True,False,2,3237869507,17131194,2.06,,,,,ACTIVE,3. Sweet Potato,0,7.99,,,,,
2020-05-04 04:07:56.268000,7.99,Shep (AUS) 4th May,Springvale Misty v Sweet Potato,1.170374988,0,False,True,OPEN,False,1,2,True,False,2,3237869507,22254776,,1.78,19.78,,,ACTIVE,1. Springvale Misty,0,0,,,,,
2020-05-04 04:07:56.268000,7.99,Shep (AUS) 4th May,Springvale Misty v Sweet Potato,1.170374988,0,False,True,OPEN,False,1,2,True,False,2,3237869507,17131194,2.06,2.06,14.54,,,ACTIVE,3. Sweet Potato,0,7.99,,,,,
2020-05-04 04:15:35.572000,7.99,Shep (AUS) 4th May,Springvale Misty v Sweet Potato,1.170374988,0,False,True,OPEN,False,1,2,True,False,2,3237869507,22254776,,,,,,ACTIVE,1. Springvale Misty,0,0,,,,,
2020-05-04 04:15:35.572000,7.99,Shep (AUS) 4th May,Springvale Misty v Sweet Potato,1.170374988,0,False,True,OPEN,False,1,2,True,False,2,3237869507,17131194,2.06,,,,,ACTIVE,3. Sweet Potato,0,7.99,,,,,
2020-05-04 04:15:37.264000,7.99,Shep (AUS) 4th May,Springvale Misty v Sweet Potato,1.170374988,0,False,True,OPEN,False,1,2,True,False,2,3237869507,22254776,,1.78,19.78,,,ACTIVE,1. Springvale Misty,0,0,,,,,
2020-05-04 04:15:37.264000,7.99,Shep (AUS) 4th May,Springvale Misty v Sweet Potato,1.170374988,0,False,True,OPEN,False,1,2,True,False,2,3237869507,17131194,2.06,2.06,13.56,,,ACTIVE,3. Sweet Potato,0,7.99,,,,,
2020-05-04 04:23:06.958000,7.99,Shep (AUS) 4th May,Springvale Misty v Sweet Potato,1.170374988,0,False,True,OPEN,False,1,2,True,False,2,3237869507,22254776,,,,,,ACTIVE,1. Springvale Misty,0,0,,,,,
2020-05-04 04:23:06.958000,7.99,Shep (AUS) 4th May,Springvale Misty v Sweet Potato,1.170374988,0,False,True,OPEN,False,1,2,True,False,2,3237869507,17131194,2.06,,,,,ACTIVE,3. Sweet Potato,0,7.99,,,,,
2020-05-04 04:23:08.699000,7.99,Shep (AUS) 4th May,Springvale Misty v Sweet Potato,1.170374988,0,False,True,OPEN,False,1,2,True,False,2,3237869507,22254776,,1.78,19.78,,,ACTIVE,1. Springvale Misty,0,0,,,,,
2020-05-04 04:23:08.699000,7.99,Shep (AUS) 4th May,Springvale Misty v Sweet Potato,1.170374988,0,False,True,OPEN,False,1,2,True,False,2,3237869507,17131194,2.06,2.06,13.56,,,ACTIVE,3. Sweet Potato,0,7.99,,,,,
2020-05-04 04:30:32.360000,7.99,Shep (AUS) 4th May,Springvale Misty v Sweet Potato,1.170374988,0,False,True,OPEN,False,1,2,True,False,2,3237869507,22254776,,,,,,ACTIVE,1. Springvale Misty,0,0,,,,,
2020-05-04 04:30:32.360000,7.99,Shep (AUS) 4th May,Springvale Misty v Sweet Potato,1.170374988,0,False,True,OPEN,False,1,2,True,False,2,3237869507,17131194,2.06,,,,,ACTIVE,3. Sweet Potato,0,7.99,,,,,
2020-05-04 04:30:34.158000,7.99,Shep (AUS) 4th May,Springvale Misty v Sweet Potato,1.170374988,0,False,True,OPEN,False,1,2,True,False,2,3237869507,22254776,,1.68,22.65,,,ACTIVE,1. Springvale Misty,0,0,,,,,
2020-05-04 04:30:34.158000,7.99,Shep (AUS) 4th May,Springvale Misty v Sweet Potato,1.170374988,0,False,True,OPEN,False,1,2,True,False,2,3237869507,17131194,2.06,2.2,11.97,,,ACTIVE,3. Sweet Potato,0,7.99,,,,,
2020-05-04 04:38:32.877000,7.99,Shep (AUS) 4th May,Springvale Misty v Sweet Potato,1.170374988,0,False,True,OPEN,False,1,2,True,False,2,3237869507,22254776,,,,,,ACTIVE,1. Springvale Misty,0,0,,,,,
2020-05-04 04:38:32.877000,7.99,Shep (AUS) 4th May,Springvale Misty v Sweet Potato,1.170374988,0,False,True,OPEN,False,1,2,True,False,2,3237869507,17131194,2.06,,,,,ACTIVE,3. Sweet Potato,0,7.99,,,,,
2020-05-04 04:38:34.614000,7.99,Shep (AUS) 4th May,Springvale Misty v Sweet Potato,1.170374988,0,False,True,OPEN,False,1,2,True,False,2,3237869507,22254776,,1.78,19.78,,,ACTIVE,1. Springvale Misty,0,0,,,,,
2020-05-04 04:38:34.614000,7.99,Shep (AUS) 4th May,Springvale Misty v Sweet Potato,1.170374988,0,False,True,OPEN,False,1,2,True,False,2,3237869507,17131194,2.06,2.06,13.56,,,ACTIVE,3. Sweet Potato,0,7.99,,,,,
2020-05-04 04:46:53.560000,7.99,Shep (AUS) 4th May,Springvale Misty v Sweet Potato,1.170374988,0,False,True,OPEN,False,1,2,True,False,2,3237869507,22254776,,,,,,ACTIVE,1. Springvale Misty,0,0,,,,,
2020-05-04 04:46:53.560000,7.99,Shep (AUS) 4th May,Springvale Misty v Sweet Potato,1.170374988,0,False,True,OPEN,False,1,2,True,False,2,3237869507,17131194,2.06,,,,,ACTIVE,3. Sweet Potato,0,7.99,,,,,
2020-05-04 04:46:55.264000,7.99,Shep (AUS) 4th May,Springvale Misty v Sweet Potato,1.170374988,0,False,True,OPEN,False,1,2,True,False,2,3237869507,22254776,,1.77,20.03,,,ACTIVE,1. Springvale Misty,0,0,,,,,
2020-05-04 04:46:55.264000,7.99,Shep (AUS) 4th May,Springvale Misty v Sweet Potato,1.170374988,0,False,True,OPEN,False,1,2,True,False,2,3237869507,17131194,2.06,2.06,13.56,,,ACTIVE,3. Sweet Potato,0,7.99,,,,,
2020-05-04 04:55:06.275000,7.99,Shep (AUS) 4th May,Springvale Misty v Sweet Potato,1.170374988,0,False,True,OPEN,False,1,2,True,False,2,3237869507,22254776,,,,,,ACTIVE,1. Springvale Misty,0,0,,,,,
2020-05-04 04:55:06.275000,7.99,Shep (AUS) 4th May,Springvale Misty v Sweet Potato,1.170374988,0,False,True,OPEN,False,1,2,True,False,2,3237869507,17131194,2.06,,,,,ACTIVE,3. Sweet Potato,0,7.99,,,,,
2020-05-04 04:55:07.969000,7.99,Shep (AUS) 4th May,Springvale Misty v Sweet Potato,1.170374988,0,False,True,OPEN,False,1,2,True,False,2,3237869507,22254776,,1.78,19.78,,,ACTIVE,1. Springvale Misty,0,0,,,,,
2020-05-04 04:55:07.969000,7.99,Shep (AUS) 4th May,Springvale Misty v Sweet Potato,1.170374988,0,False,True,OPEN,False,1,2,True,False,2,3237869507,17131194,2.06,2.06,13.56,,,ACTIVE,3. Sweet Potato,0,7.99,,,,,
2020-05-04 05:03:16.880000,7.99,Shep (AUS) 4th May,Springvale Misty v Sweet Potato,1.170374988,0,False,True,OPEN,False,1,2,True,False,2,3237869507,22254776,,,,,,ACTIVE,1. Springvale Misty,0,0,,,,,
2020-05-04 05:03:16.880000,7.99,Shep (AUS) 4th May,Springvale Misty v Sweet Potato,1.170374988,0,False,True,OPEN,False,1,2,True,False,2,3237869507,17131194,2.06,,,,,ACTIVE,3. Sweet Potato,0,7.99,,,,,
2020-05-04 05:03:18.676000,7.99,Shep (AUS) 4th May,Springvale Misty v Sweet Potato,1.170374988,0,False,True,OPEN,False,1,2,True,False,2,3237869507,22254776,,1.78,19.78,,,ACTIVE,1. Springvale Misty,0,0,,,,,
2020-05-04 05:03:18.676000,7.99,Shep (AUS) 4th May,Springvale Misty v Sweet Potato,1.170374988,0,False,True,OPEN,False,1,2,True,False,2,3237869507,17131194,2.06,2.06,13.56,,,ACTIVE,3. Sweet Potato,0,7.99,,,,,
2020-05-04 05:05:23.837000,16.77,Shep (AUS) 4th May,Springvale Misty v Sweet Potato,1.170374988,0,False,True,OPEN,False,1,2,True,False,2,3237869507,22254776,,1.78,19.78,,,ACTIVE,1. Springvale Misty,0,0,,,,,
2020-05-04 05:05:23.837000,16.77,Shep (AUS) 4th May,Springvale Misty v Sweet Potato,1.170374988,0,False,True,OPEN,False,1,2,True,False,2,3237869507,17131194,2.06,2.06,9.17,,,ACTIVE,3. Sweet Potato,0,16.77,,,,,
2020-05-04 05:11:20.686000,16.77,Shep (AUS) 4th May,Springvale Misty v Sweet Potato,1.170374988,0,False,True,OPEN,False,1,2,True,False,2,3237869507,22254776,,,,,,ACTIVE,1. Springvale Misty,0,0,,,,,
2020-05-04 05:11:20.686000,16.77,Shep (AUS) 4th May,Springvale Misty v Sweet Potato,1.170374988,0,False,True,OPEN,False,1,2,True,False,2,3237869507,17131194,2.06,,,,,ACTIVE,3. Sweet Potato,0,16.77,,,,,
2020-05-04 05:11:22.271000,16.77,Shep (AUS) 4th May,Springvale Misty v Sweet Potato,1.170374988,0,False,True,OPEN,False,1,2,True,False,2,3237869507,22254776,,1.77,20.03,,,ACTIVE,1. Springvale Misty,0,0,,,,,
2020-05-04 05:11:22.271000,16.77,Shep (AUS) 4th May,Springvale Misty v Sweet Potato,1.170374988,0,False,True,OPEN,False,1,2,True,False,2,3237869507,17131194,2.06,2.06,13.56,,,ACTIVE,3. Sweet Potato,0,16.77,,,,,
2020-05-04 05:19:14.713000,16.77,Shep (AUS) 4th May,Springvale Misty v Sweet Potato,1.170374988,0,False,True,OPEN,False,1,2,True,False,2,3237869507,22254776,,,,,,ACTIVE,1. Springvale Misty,0,0,,,,,
2020-05-04 05:19:14.713000,16.77,Shep (AUS) 4th May,Springvale Misty v Sweet Potato,1.170374988,0,False,True,OPEN,False,1,2,True,False,2,3237869507,17131194,2.06,,,,,ACTIVE,3. Sweet Potato,0,16.77,,,,,
2020-05-04 05:19:16.353000,16.77,Shep (AUS) 4th May,Springvale Misty v Sweet Potato,1.170374988,0,False,True,OPEN,False,1,2,True,False,2,3237869507,22254776,,1.77,20.03,,,ACTIVE,1. Springvale Misty,0,0,,,,,
2020-05-04 05:19:16.353000,16.77,Shep (AUS) 4th May,Springvale Misty v Sweet Potato,1.170374988,0,False,True,OPEN,False,1,2,True,False,2,3237869507,17131194,2.06,2.06,12.43,,,ACTIVE,3. Sweet Potato,0,16.77,,,,,
2020-05-04 05:27:08.229000,16.77,Shep (AUS) 4th May,Springvale Misty v Sweet Potato,1.170374988,0,False,True,OPEN,False,1,2,True,False,2,3237869507,22254776,,,,,,ACTIVE,1. Springvale Misty,0,0,,,,,
2020-05-04 05:27:08.229000,16.77,Shep (AUS) 4th May,Springvale Misty v Sweet Potato,1.170374988,0,False,True,OPEN,False,1,2,True,False,2,3237869507,17131194,2.06,,,,,ACTIVE,3. Sweet Potato,0,16.77,,,,,
2020-05-04 05:27:09.888000,16.77,Shep (AUS) 4th May,Springvale Misty v Sweet Potato,1.170374988,0,False,True,OPEN,False,1,2,True,False,2,3237869507,22254776,,2.28,12.02,,,ACTIVE,1. Springvale Misty,0,0,,,,,
2020-05-04 05:27:09.888000,16.77,Shep (AUS) 4th May,Springvale Misty v Sweet Potato,1.170374988,0,False,True,OPEN,False,1,2,True,False,2,3237869507,17131194,2.06,1.64,20.6,,,ACTIVE,3. Sweet Potato,0,16.77,,,,,
2020-05-04 05:34:47.119000,16.77,Shep (AUS) 4th May,Springvale Misty v Sweet Potato,1.170374988,0,False,True,OPEN,False,1,2,True,False,2,3237869507,22254776,,,,,,ACTIVE,1. Springvale Misty,0,0,,,,,
2020-05-04 05:34:47.119000,16.77,Shep (AUS) 4th May,Springvale Misty v Sweet Potato,1.170374988,0,False,True,OPEN,False,1,2,True,False,2,3237869507,17131194,2.06,,,,,ACTIVE,3. Sweet Potato,0,16.77,,,,,
2020-05-04 05:34:48.814000,16.77,Shep (AUS) 4th May,Springvale Misty v Sweet Potato,1.170374988,0,False,True,OPEN,False,1,2,True,False,2,3237869507,22254776,,2.28,12.02,,,ACTIVE,1. Springvale Misty,0,0,,,,,
2020-05-04 05:34:48.814000,16.77,Shep (AUS) 4th May,Springvale Misty v Sweet Potato,1.170374988,0,False,True,OPEN,False,1,2,True,False,2,3237869507,17131194,2.06,1.64,20.6,,,ACTIVE,3. Sweet Potato,0,16.77,,,,,
2020-05-04 05:42:19.464000,16.77,Shep (AUS) 4th May,Springvale Misty v Sweet Potato,1.170374988,0,False,True,OPEN,False,1,2,True,False,2,3237869507,22254776,,,,,,ACTIVE,1. Springvale Misty,0,0,,,,,
2020-05-04 05:42:19.464000,16.77,Shep (AUS) 4th May,Springvale Misty v Sweet Potato,1.170374988,0,False,True,OPEN,False,1,2,True,False,2,3237869507,17131194,2.06,,,,,ACTIVE,3. Sweet Potato,0,16.77,,,,,
2020-05-04 05:42:21.205000,16.77,Shep (AUS) 4th May,Springvale Misty v Sweet Potato,1.170374988,0,False,True,OPEN,False,1,2,True,False,2,3237869507,22254776,,2.28,12.02,,,ACTIVE,1. Springvale Misty,0,0,,,,,
2020-05-04 05:42:21.205000,16.77,Shep (AUS) 4th May,Springvale Misty v Sweet Potato,1.170374988,0,False,True,OPEN,False,1,2,True,False,2,3237869507,17131194,2.06,1.64,20.6,,,ACTIVE,3. Sweet Potato,0,16.77,,,,,
2020-05-04 05:49:46.077000,16.77,Shep (AUS) 4th May,Springvale Misty v Sweet Potato,1.170374988,0,False,True,OPEN,False,1,2,True,False,2,3237869507,22254776,,,,,,ACTIVE,1. Springvale Misty,0,0,,,,,
2020-05-04 05:49:46.077000,16.77,Shep (AUS) 4th May,Springvale Misty v Sweet Potato,1.170374988,0,False,True,OPEN,False,1,2,True,False,2,3237869507,17131194,2.06,1.38,3.08,,,ACTIVE,3. Sweet Potato,0,16.77,,,,,
2020-05-04 05:49:47.874000,16.77,Shep (AUS) 4th May,Springvale Misty v Sweet Potato,1.170374988,0,False,True,OPEN,False,1,2,True,False,2,3237869507,22254776,,2.32,11.66,,,ACTIVE,1. Springvale Misty,0,0,,,,,
2020-05-04 05:49:47.874000,16.77,Shep (AUS) 4th May,Springvale Misty v Sweet Potato,1.170374988,0,False,True,OPEN,False,1,2,True,False,2,3237869507,17131194,2.06,1.61,21.63,,,ACTIVE,3. Sweet Potato,0,16.77,,,,,
2020-05-04 05:52:46.455000,16.77,Shep (AUS) 4th May,Springvale Misty v Sweet Potato,1.170374988,0,False,True,OPEN,False,1,2,True,False,2,3237869507,17131194,2.06,1.61,21.63,1.9,2.56,ACTIVE,3. Sweet Potato,0,16.77,,,,,
2020-05-04 05:53:27.706000,16.77,Shep (AUS) 4th May,Springvale Misty v Sweet Potato,1.170374988,0,False,True,OPEN,False,1,2,True,False,2,3237869507,22254776,,2.34,7.02,24,13.64,ACTIVE,1. Springvale Misty,0,0,,,,,
2020-05-04 05:53:27.706000,16.77,Shep (AUS) 4th May,Springvale Misty v Sweet Potato,1.170374988,0,False,True,OPEN,False,1,2,True,False,2,3237869507,17131194,2.06,1.61,21.63,1.89,10.83,ACTIVE,3. Sweet Potato,0,16.77,,,,,
2020-05-04 05:53:29.409000,30.82,Shep (AUS) 4th May,Springvale Misty v Sweet Potato,1.170374988,0,False,True,OPEN,False,1,2,True,False,2,3237869507,22254776,2.34,2.32,11.66,2.34,3.24,ACTIVE,1. Springvale Misty,0,14.05,,,,,
2020-05-04 05:53:29.409000,30.82,Shep (AUS) 4th May,Springvale Misty v Sweet Potato,1.170374988,0,False,True,OPEN,False,1,2,True,False,2,3237869507,17131194,2.06,1.61,21.63,1.89,10.83,ACTIVE,3. Sweet Potato,0,16.77,,,,,
2020-05-04 05:54:00.961000,30.82,Shep (AUS) 4th May,Springvale Misty v Sweet Potato,1.170374988,0,False,True,OPEN,False,1,2,True,False,2,3237869507,17131194,2.06,1.62,11.44,1.89,10.83,ACTIVE,3. Sweet Potato,0,16.77,,,,,
2020-05-04 05:54:18.876000,36.99,Shep (AUS) 4th May,Springvale Misty v Sweet Potato,1.170374988,0,False,True,OPEN,False,1,2,True,False,2,3237869507,22254776,2.34,2.32,11.66,2.34,0.16,ACTIVE,1. Springvale Misty,0,20.22,,,,,
2020-05-04 05:54:18.876000,36.99,Shep (AUS) 4th May,Springvale Misty v Sweet Potato,1.170374988,0,False,True,OPEN,False,1,2,True,False,2,3237869507,17131194,2.06,1.62,11.44,1.89,10.83,ACTIVE,3. Sweet Potato,0,16.77,,,,,
2020-05-04 05:56:29.405000,37.32,Shep (AUS) 4th May,Springvale Misty v Sweet Potato,1.170374988,0,False,True,OPEN,False,1,2,True,False,2,3237869507,22254776,2.34,2.34,11.13,23,6.77,ACTIVE,1. Springvale Misty,0,20.55,,,,,
2020-05-04 05:56:29.405000,37.32,Shep (AUS) 4th May,Springvale Misty v Sweet Potato,1.170374988,0,False,True,OPEN,False,1,2,True,False,2,3237869507,17131194,2.06,1.62,11.44,1.89,10.83,ACTIVE,3. Sweet Potato,0,16.77,,,,,
2020-05-04 05:56:57.249000,37.32,Shep (AUS) 4th May,Springvale Misty v Sweet Potato,1.170374988,0,False,True,OPEN,False,1,2,True,False,2,3237869507,22254776,2.34,2.32,11.66,23,6.77,ACTIVE,1. Springvale Misty,0,20.55,,,,,
2020-05-04 05:57:00.445000,37.32,Shep (AUS) 4th May,Springvale Misty v Sweet Potato,1.170374988,0,False,True,OPEN,False,1,2,True,False,2,3237869507,22254776,2.34,2.36,11.13,23,6.77,ACTIVE,1. Springvale Misty,0,20.55,,,,,
2020-05-04 05:57:38.670000,58.34,Shep (AUS) 4th May,Springvale Misty v Sweet Potato,1.170374988,0,False,True,OPEN,False,1,2,True,False,2,3237869507,22254776,2.34,2.36,11.13,23,6.77,ACTIVE,1. Springvale Misty,0,20.55,,,,,
2020-05-04 05:57:38.670000,58.34,Shep (AUS) 4th May,Springvale Misty v Sweet Potato,1.170374988,0,False,True,OPEN,False,1,2,True,False,2,3237869507,17131194,1.62,1.62,0.93,1.89,10.83,ACTIVE,3. Sweet Potato,0,37.79,,,,,
2020-05-04 05:57:40.264000,58.34,Shep (AUS) 4th May,Springvale Misty v Sweet Potato,1.170374988,0,False,True,OPEN,False,1,2,True,False,2,3237869507,22254776,2.34,1.9,7.51,23,6.77,ACTIVE,1. Springvale Misty,0,20.55,,,,,
2020-05-04 05:57:45.407000,58.34,Shep (AUS) 4th May,Springvale Misty v Sweet Potato,1.170374988,0,False,True,OPEN,False,1,2,True,False,2,3237869507,22254776,2.34,2.38,11.13,23,6.77,ACTIVE,1. Springvale Misty,0,20.55,,,,,
2020-05-04 05:57:52.401000,58.34,Shep (AUS) 4th May,Springvale Misty v Sweet Potato,1.170374988,0,False,True,OPEN,False,1,2,True,False,2,3237869507,22254776,2.34,2.38,11.13,2.94,61,ACTIVE,1. Springvale Misty,0,20.55,,,,,
2020-05-04 05:57:53.379000,58.34,Shep (AUS) 4th May,Springvale Misty v Sweet Potato,1.170374988,0,False,True,OPEN,False,1,2,True,False,2,3237869507,17131194,1.62,1.64,70.89,1.89,10.83,ACTIVE,3. Sweet Potato,0,37.79,,,,,
2020-05-04 05:57:55.283000,80.72,Shep (AUS) 4th May,Springvale Misty v Sweet Potato,1.170374988,0,False,True,OPEN,False,1,2,True,False,2,3237869507,22254776,2.38,2.14,7.39,2.94,61,ACTIVE,1. Springvale Misty,0,42.86,,,,,
2020-05-04 05:57:55.283000,80.72,Shep (AUS) 4th May,Springvale Misty v Sweet Potato,1.170374988,0,False,True,OPEN,False,1,2,True,False,2,3237869507,17131194,1.64,1.64,70.82,1.89,10.83,ACTIVE,3. Sweet Potato,0,37.86,,,,,
2020-05-04 05:57:56.008000,80.72,Shep (AUS) 4th May,Springvale Misty v Sweet Potato,1.170374988,0,False,True,OPEN,False,1,2,True,False,2,3237869507,22254776,2.38,2.14,7.39,2.28,0.01,ACTIVE,1. Springvale Misty,0,42.86,,,,,
2020-05-04 05:57:56.623000,80.72,Shep (AUS) 4th May,Springvale Misty v Sweet Potato,1.170374988,0,False,True,OPEN,False,1,2,True,False,2,3237869507,17131194,1.64,1.64,98.27,1.89,10.83,ACTIVE,3. Sweet Potato,0,37.86,,,,,
2020-05-04 05:58:00.514000,80.77,Shep (AUS) 4th May,Springvale Misty v Sweet Potato,1.170374988,0,False,True,OPEN,False,1,2,True,False,2,3237869507,22254776,2.3,2.14,7.39,2.94,61,ACTIVE,1. Springvale Misty,0,42.88,,,,,
2020-05-04 05:58:00.514000,80.77,Shep (AUS) 4th May,Springvale Misty v Sweet Potato,1.170374988,0,False,True,OPEN,False,1,2,True,False,2,3237869507,17131194,1.78,1.65,10.27,1.89,10.83,ACTIVE,3. Sweet Potato,0,37.89,,,,,
2020-05-04 05:58:01.913000,120.77,Shep (AUS) 4th May,Springvale Misty v Sweet Potato,1.170374988,0,False,True,OPEN,False,1,2,True,False,2,3237869507,22254776,2.3,2.14,7.39,2.94,61,ACTIVE,1. Springvale Misty,0,42.88,,,,,
2020-05-04 05:58:01.913000,120.77,Shep (AUS) 4th May,Springvale Misty v Sweet Potato,1.170374988,0,False,True,OPEN,False,1,2,True,False,2,3237869507,17131194,1.64,1.64,88.54,1.89,10.83,ACTIVE,3. Sweet Potato,0,77.89,,,,,
2020-05-04 05:58:04.431000,120.77,Shep (AUS) 4th May,Springvale Misty v Sweet Potato,1.170374988,0,False,True,OPEN,False,1,2,True,False,2,3237869507,17131194,1.64,1.64,27.44,1.89,10.83,ACTIVE,3. Sweet Potato,0,77.89,,,,,
2020-05-04 05:58:06.338000,120.77,Shep (AUS) 4th May,Springvale Misty v Sweet Potato,1.170374988,0,False,True,OPEN,False,1,2,True,False,2,3237869507,17131194,1.64,1.63,88.98,1.89,10.83,ACTIVE,3. Sweet Potato,0,77.89,,,,,
2020-05-04 05:58:29.550000,120.77,Shep (AUS) 4th May,Springvale Misty v Sweet Potato,1.170374988,0,False,True,OPEN,False,1,2,True,False,2,3237869507,17131194,1.64,1.63,27.88,1.88,2.56,ACTIVE,3. Sweet Potato,0,77.89,,,,,
2020-05-04 05:58:30.069000,120.77,Shep (AUS) 4th May,Springvale Misty v Sweet Potato,1.170374988,0,False,True,OPEN,False,1,2,True,False,2,3237869507,17131194,1.64,1.62,0.93,1.88,2.56,ACTIVE,3. Sweet Potato,0,77.89,,,,,
2020-05-04 05:58:47.198000,120.77,Shep (AUS) 4th May,Springvale Misty v Sweet Potato,1.170374988,0,False,True,OPEN,False,1,2,True,False,2,3237869507,22254776,2.3,2.14,7.39,2.22,16.95,ACTIVE,1. Springvale Misty,0,42.88,,,,,
2020-05-04 05:58:50.094000,159.02,Shep (AUS) 4th May,Springvale Misty v Sweet Potato,1.170374988,0,False,True,OPEN,False,1,2,True,False,2,3237869507,22254776,2.56,2.14,22.8,2.94,61,ACTIVE,1. Springvale Misty,0,60.03,,,,,
2020-05-04 05:58:50.094000,159.02,Shep (AUS) 4th May,Springvale Misty v Sweet Potato,1.170374988,0,False,True,OPEN,False,1,2,True,False,2,3237869507,17131194,1.64,1.62,0.93,1.64,4.57,ACTIVE,3. Sweet Potato,0,98.99,,,,,
2020-05-04 05:58:52.235000,159.02,Shep (AUS) 4th May,Springvale Misty v Sweet Potato,1.170374988,0,False,True,SUSPENDED,False,1,2,True,False,2,3237890362,22254776,2.56,2.14,22.8,2.94,61,ACTIVE,1. Springvale Misty,0,60.03,,,,,
2020-05-04 05:58:52.235000,159.02,Shep (AUS) 4th May,Springvale Misty v Sweet Potato,1.170374988,0,False,True,SUSPENDED,False,1,2,True,False,2,3237890362,17131194,1.64,1.62,0.93,1.64,4.57,ACTIVE,3. Sweet Potato,0,98.99,,,,,
2020-05-04 05:58:52.275000,159.02,Shep (AUS) 4th May,Springvale Misty v Sweet Potato,1.170374988,0,False,True,SUSPENDED,False,1,2,True,False,2,3237890362,22254776,2.56,,,,,ACTIVE,1. Springvale Misty,0,60.03,,,,,
2020-05-04 05:58:52.275000,159.02,Shep (AUS) 4th May,Springvale Misty v Sweet Potato,1.170374988,0,False,True,SUSPENDED,False,1,2,True,False,2,3237890362,17131194,1.64,,,,,ACTIVE,3. Sweet Potato,0,98.99,,,,,
2020-05-04 06:03:26.095000,158.9,Shep (AUS) 4th May,Springvale Misty v Sweet Potato,1.170374988,0,False,True,SUSPENDED,False,1,2,True,False,2,3237890362,22254776,2.56,,,,,ACTIVE,1. Springvale Misty,0,59.95,,,,,
2020-05-04 06:03:26.095000,158.9,Shep (AUS) 4th May,Springvale Misty v Sweet Potato,1.170374988,0,False,True,SUSPENDED,False,1,2,True,False,2,3237890362,17131194,1.64,,,,,ACTIVE,3. Sweet Potato,0,98.95,,,,,
2020-05-04 06:03:26.696000,0,Shep (AUS) 4th May,Springvale Misty v Sweet Potato,1.170374988,0,False,True,SUSPENDED,False,1,2,True,False,2,3237890362,22254776,2.56,,,,,ACTIVE,1. Springvale Misty,0,0,,,,,
2020-05-04 06:03:26.696000,0,Shep (AUS) 4th May,Springvale Misty v Sweet Potato,1.170374988,0,False,True,SUSPENDED,False,1,2,True,False,2,3237890362,17131194,1.64,,,,,ACTIVE,3. Sweet Potato,0,0,,,,,
2020-05-04 06:03:27.597000,0,Shep (AUS) 4th May,Springvale Misty v Sweet Potato,1.170374988,0,False,True,CLOSED,False,1,2,False,False,0,3237890597,22254776,2.56,,,,,WINNER,1. Springvale Misty,0,0,,,,,
2020-05-04 06:03:27.597000,0,Shep (AUS) 4th May,Springvale Misty v Sweet Potato,1.170374988,0,False,True,CLOSED,False,1,2,False,False,0,3237890597,17131194,1.64,,,,,LOSER,3. Sweet Potato,0,0,,,,,
